Workbook
Name 北美洲: '標籤資料'!$B$2:$B$300
Name 亞太地區: '標籤資料'!$G$2:$G$300
Name 名稱_所屬洲別: '名稱對照'!$B$2:$B$1002
Name 非洲: '標籤資料'!$D$2:$D$300
Name 亞西地區: '標籤資料'!$F$2:$F$300
Name 洲別: '標籤資料'!$A$2:$A$300
Name 中南美洲: '標籤資料'!$C$2:$C$300
Name 歐洲: '標籤資料'!$E$2:$E$300

Sheet Updated 8 Sep. 2026
A1: 洲別 Continent | B1: 國別 Country | C1: 學校名稱 Partner Institutions | D1: 學術交流合約 MOU | E1: 交換學生合約 Student Exchange | F1: 雙聯學位合約 Dual Degree | G1: 雙聯領域 Dual Degree Fields | H1: 其他合約 Other | I1: 註記 Remark
A2: 亞太地區 Asia Pacific | B2: 澳洲 Australia | C2: 墨爾本皇家理工學院 Royal Melbourne Institute of Technology | D2: V
A3: 亞太地區 Asia Pacific | B3: 澳洲 Australia | C3: 雪梨科技大學 University of Technology Sydney | D3: V | F3: PhD | G3: All | I3: NYCU
A4: 亞太地區 Asia Pacific | B4: 澳洲 Australia | C4: 新南威爾斯大學 University of New South Wales (UNSW) | D4: V
A5: 亞太地區 Asia Pacific | B5: 澳洲 Australia | C5: 昆士蘭科技大學 Queensland University of Technology (QUT) | D5: V
A6: 亞太地區 Asia Pacific | B6: 澳洲 Australia | C6: 雪梨大學 University of Sydney | D6: V
A7: 亞太地區 Asia Pacific | B7: 澳洲 Australia | C7: 西澳大學 The University of Western Australia (UWA) | D7: V | I7: NYCU
A8: 亞太地區 Asia Pacific | B8: 澳洲 Australia | C8: 墨爾本大學 The University of Melbourne | F8: MS | G8: 法 Law | I8: NYCU
A9: 亞太地區 Asia Pacific | B9: 澳洲 Australia | C9: 西雪梨大學 Western Sydney University | D9: V | I9: NYCU
A10: 亞太地區 Asia Pacific | B10: 紐西蘭 New Zealand | C10: 奧克蘭理工大學 Auckland University of Technology (AUT) | E10: V | I10: NYCU
A11: 亞太地區 Asia Pacific | B11: 玻里尼西亞 (大溪地) Polynesia (Tahitia) | C11: 法屬玻里尼西亞大學 University of French Polynesia | D11: V | E11: V
A12: 中南美洲 Central and South America | B12: 阿根廷 Argentina | C12: 國立南方大學 Universidad Nacional del Sur | E12: V
A13: 中南美洲 Central and South America | B13: 智利 Chile | C13: 智利天主教大學 Pontifical Catholic University of Chile | D13: V | E13: V | I13: NYCU
A14: 北美洲 North America | B14: 加拿大 Canada | C14: 蒙特婁理工大學 Polytechnique Montréal | D14: V | E14: V | I14: NYCU 原名: École Polytechnique de Montréal (EPM)
A15: 北美洲 North America | B15: 加拿大 Canada | C15: 滑鐵盧大學 University of Waterloo | D15: V | I15: NYCU
A16: 北美洲 North America | B16: 加拿大 Canada | C16: 魁北克大學蒙特婁分校 Université du Québec à Montréal | D16: V | E16: V
A17: 北美洲 North America | B17: 加拿大 Canada | C17: 高等工程技術學院 École de Technologie Supérieure (ETS) | D17: V | E17: V
A18: 北美洲 North America | B18: 加拿大 Canada | C18: 英屬哥倫比亞大學 The University of British Columbia (UBC) | D18: V (Summer Program) | I18: NYCU
A19: 北美洲 North America | B19: 加拿大 Canada | C19: 里賈納大學 University of Regina | D19: V | E19: V | I19: NYCU
A20: 北美洲 North America | B20: 加拿大 Canada | C20: 加拿大國家研究院 National Research Council of Canada | D20: V | I20: NYCU
A21: 北美洲 North America | B21: 加拿大 Canada | C21: 新布倫瑞克大學 University of New Brunswick | D21: V | E21: V | I21: NYCU
A22: 中南美洲 Central and South America | B22: 秘魯 Peru | C22: 阿拉斯秘鲁大學 Universidad Alas Peruanas | D22: V | E22: V
A23: 中南美洲 Central and South America | B23: 墨西哥 Mexico | C23: 大都會自治大學 Universidad Autónoma Metropolitana (UAM) | D23: V | E23: V | I23: NYCU
A24: 中南美洲 Central and South America | B24: 哥倫比亞 Colombia | C24: 哥倫比亞教育暨科技大學 Pedagogical and Technological University of Colombia (UPTC) | D24: V | I24: NYCU
A25: 北美洲 North America | B25: 美國 USA | C25: 羅徹斯特理工學院 Rochester Institute of Technology (RIT) | D25: V | F25: MBA | G25: 企業管理碩士學位學程 GMBA
A26: 北美洲 North America | B26: 美國 USA | C26: 北德州大學 University of North Texas (UNT) | D26: V | E26: V | I26: NYCU
A27: 北美洲 North America | B27: 美國 USA | C27: 杜蘭大學 Tulane University | D27: V
A28: 北美洲 North America | B28: 美國 USA | C28: 華盛頓大學 University of Washington | D28: V | I28: NYCU
A29: 北美洲 North America | B29: 美國 USA | C29: 明尼蘇達大學 University of Minnesota | D29: V | I29: NYCU
A30: 北美洲 North America | B30: 美國 USA | C30: 紐澤西理工學院 New Jersey Institute of Technology | D30: V | E30: V
A31: 北美洲 North America | B31: 美國 USA | C31: 杜克大學 Duke University | F31: LL.M | G31: 科技法律 Technology Law
A32: 北美洲 North America | B32: 美國 USA | C32: 卡內基美隆大學 Carnegie Mellon University | E32: V
A33: 北美洲 North America | B33: 美國 USA | C33: 北卡羅萊納州立大學 North Carolina State University | F33: MS、PhD | G33: 管理 Management | I33: NYCU
A34: 北美洲 North America | B34: 美國 USA | C34: 約翰馬歇爾法學院 The John Marshall Law School | F34: LL.M | G34: 科技法律 Technology Law
A35: 北美洲 North America | B35: 美國 USA | C35: 加州大學 洛杉磯分校 University of California, Los Angeles (UCLA) | D35: V | F35: MS & PhD | G35: 半導體 Semiconductor | I35: NYCU
A36: 北美洲 North America | B36: 美國 USA | C36: 伊利諾大學 香檳分校 Univeristy of Illinois at Urbana-Champaign (UIUC) | D36: V | E36: V | F36: (1) 3+2 program (2) 3+2.5 program | G36: (1) 材料科學與工程 Material Science and Engineering (2) 資訊 Computer Science | I36: NYCU
A37: 北美洲 North America | B37: 美國 USA | C37: 加州大學 聖地牙哥分校 University of California, San Diego (UCSD) | D37: V | F37: BS-MS 3+2 Program | G37: 土木工程 Civil Engineering | I37: NYCU-MOU
A38: 北美洲 North America | B38: 美國 USA | C38: 馬里蘭大學 巴爾的摩分校 University of Maryland, Baltimore | F38: PhD | G38: 電機工程 Electrical and Computer Engineering
A39: 北美洲 North America | B39: 美國 USA | C39: 凱斯西儲大學 Case Western Reserve University | D39: V | I39: NYCU
A40: 北美洲 North America | B40: 美國 USA | C40: 科羅拉多大學 波德分校 University of Colorado Boulder | E40: V | I40: NYCU
A41: 北美洲 North America | B41: 美國 USA | C41: 普渡大學 Purdue University | D41: V | E41: V | F41: (1) MS (2) BS-MS 3+1+1 program | G41: (1) 半導體、產學創新、 電機、工、理 Semiconductor, Industry Academia Innovation School (IAIS), Electrical and Computer Engineering, Engineering, Science (2) 工業工程與管理學系 Department of Industrial Engineering and Management | I41: NYCU
A42: 北美洲 North America | B42: 美國 USA | C42: 威斯康辛大學 麥迪遜分校 University of Wisconsin-Madison | D42: V
A43: 北美洲 North America | B43: 美國 USA | C43: 俄亥俄州立大學 The Ohio State University | D43: V | I43: NYCU
A44: 北美洲 North America | B44: 美國 USA | C44: 聖路易斯華盛頓大學 Washington University in St. Louis | D44: V | F44: (1) BS-MS 3+2 program (2) MD-MS 4+2 program | G44: (1) 資訊 Computer Science (2) 醫學 Medicine | H44: McDonnell International Scholars Academy | I44: NYCU
A45: 北美洲 North America | B45: 美國 USA | C45: 福坦莫大學 Fordham University | D45: V | F45: MS | G45: 管理 Management
A46: 北美洲 North America | B46: 美國 USA | C46: 紐約州立大學 石溪分校 The State University of New York at Stony Brook | D46: V | E46: V | F46: Bachelor | G46: 電機院、機械系、外文系、生科系 College of Electrical and Computer Engineering, Mechanical Engineering, Foreign Languages and Literatures, Biological Science and Technology | I46: NYCU
A47: 北美洲 North America | B47: 美國 USA | C47: 密西根州立大學 Michigan State University | D47: V
A48: 北美洲 North America | B48: 美國 USA | C48: 加州大學 爾灣分校 University of California, Irvine | D48: V | F48: BS-MS 3+2 Program | G48: 土木工程 Civil Engineering
A49: 北美洲 North America | B49: 美國 USA | C49: 加州大學 河濱分校 University of California, Riverside | F49: (1) MS (2) 3+1 Program | G49: (1)管理 Management (2)資訊 Computer Science | I49: NYCU
A50: 北美洲 North America | B50: 美國 USA | C50: 朱尼亞塔學院 Juniata College | D50: V | E50: V | I50: NYCU
A51: 北美洲 North America | B51: 美國 USA | C51: 亞利桑那大學 University of Arizona | D51: V | I51: NYCU
A52: 北美洲 North America | B52: 美國 USA | C52: 關島大學 University of Guam | D52: V
A53: 北美洲 North America | B53: 美國 USA | C53: 伊凡斯維爾大學 University of Evansville | D53: V | E53: V | I53: NYCU
A54: 北美洲 North America | B54: 美國 USA | C54: 佛羅里達大學 University of Florida | H54: 醫院見習Clinical Rotation
A55: 北美洲 North America | B55: 美國 USA | C55: 密蘇里大學 University of Missouri | D55: V
A56: 北美洲 North America | B56: 美國 USA | C56: 亞利桑那州立大學 Arizona State University | D56: V | E56: V | F56: MS | G56: 管理 Management | I56: NYCU
A57: 北美洲 North America | B57: 美國 USA | C57: 約翰霍普金斯大學 Johns Hopkins University | D57: V | I57: NYCU
A58: 北美洲 North America | B58: 美國 USA | C58: 加州大學 聖塔克魯茲分校 University of California, Santa Cruz | D58: 台聯大系統 University System of Taiwan | I58: NYCU
A59: 北美洲 North America | B59: 美國 USA | C59: 威斯康辛大學密爾瓦基分校 University of Wisconsin-Milwaukee | D59: V | I59: NYCU
A60: 北美洲 North America | B60: 美國 USA | C60: 伊利諾大學 芝加哥分校 University of Illinois at Chicago (UIC) | D60: V | F60: MS | G60: 管理 Management | I60: NYCU
A61: 北美洲 North America | B61: 美國 USA | C61: 伊利諾大學系統 University of Illinois System | D61: 臺灣大學學術聯盟 University Academic Alliance in Taiwan | I61: NYCU
A62: 北美洲 North America | B62: 美國 USA | C62: 布萊根婦女醫院 Brigham and Women's Hospital | D62: V | I62: NYCU
A63: 北美洲 North America | B63: 美國 USA | C63: 史丹佛大學 Stanford University | D63: V
A64: 北美洲 North America | B64: 美國 USA | C64: 德州大學系統 The University of Texas System | D64: 臺灣大學學術聯盟 University Academic Alliance in Taiwan | I64: NYCU
A65: 北美洲 North America | B65: 美國 USA | C65: 德克薩斯A&M大學系統 The Texas A&M University System | D65: 臺灣大學學術聯盟 University Academic Alliance in Taiwan | I65: NYCU
A66: 北美洲 North America | B66: 美國 USA | C66: 天普大學 Temple University | F66: BS+MS 3+2 MS 1+1 | G66: ALL | I66: NYCU
A67: 北美洲 North America | B67: 美國 USA | C67: 德州大學休士頓醫學中心 The University of Texas health science center at Houston | D67: V | I67: NYCU
A68: 北美洲 North America | B68: 美國 USA | C68: 德州健康與科學大學 Texas Health and Science University | D68: V | I68: NYCU
A69: 北美洲 North America | B69: 美國 USA | C69: 內布拉斯加大學 University of Nebraska | D69: V | H69: Clinical Experience | I69: NYCU
A70: 北美洲 North America | B70: 美國 USA | C70: 內華達大學 拉斯維加斯分校 University of Nevada, Las Vegas | F70: BS+MS 4+3 | G70: 物理治療 Physical Therapy | I70: NYCU
A71: 北美洲 North America | B71: 美國 USA | C71: 萊斯大學 Rice University | D71: V | I71: NYCU
A72: 北美洲 North America | B72: 美國 USA | C72: 紐約州立大學 奧斯威格分校 State University of New York at Oswego | E72: V | I72: NYCU
A73: 北美洲 North America | B73: 美國 USA | C73: 西北大學 Northwestern University | D73: V | I73: NYCU
A74: 北美洲 North America | B74: 美國 USA | C74: 南加州大學 University of Southern California | D74: V | I74: NYCU
A75: 北美洲 North America | B75: 美國 USA | C75: 密西根大學 University of Michigan | D75: V | I75: NYCU
A76: 北美洲 North America | B76: 美國 USA | C76: 懷俄明大學 University of Wyoming | D76: V | I76: NYCU
A77: 北美洲 North America | B77: 美國 USA | C77: 瓦爾多斯塔州立大學 Valdosta State University | D77: V | E77: V | I77: NYCU
A78: 歐洲 Europe | B78: 丹麥 Denmark | C78: 丹麥科技大學 Technical University of Denmark | D78: V | E78: V | I78: NYCU
A79: 歐洲 Europe | B79: 丹麥 Denmark | C79: 南丹麥大學 University of Southern Denmark (SDU) | D79: V | E79: V | I79: NYCU
A80: 歐洲 Europe | B80: 比利時 Belgium | C80: 校際微電子中心 Interuniversity Microelectronics Centre (IMEC) | F80: PhD (w/ KU Leuven) | G80: 電機、資訊、工、理、生科、半導體 electrical engineering, computer science, engineering, science, bioengineering, semiconductor technology | I80: NYCU
A81: 歐洲 Europe | B81: 比利時 Belgium | C81: 魯汶大學 KU Leuven | D81: V | E81: V | F81: MS PhD (w/ IMEC) | G81: 電機、資訊、工、理、產創、半導體 electrical engineering, computer science, engineering, science, semiconductor technology, industry academia innovation | I81: NYCU
A82: 歐洲 Europe | B82: 比利時 Belgium | C82: 安特衛普大學 University of Antwerp | D82: V (含交換incl. student exchange) | E82: V | I82: NYCU
A83: 歐洲 Europe | B83: 比利時 Belgium | C83: 布魯塞爾自由大學 Universite Libre de Bruxelles (ULB) | D83: V | E83: V | I83: NYCU
A84: 歐洲 Europe | B84: 比利時 Belgium | C84: 蒙斯大學 University of Mons | F84: PhD | G84: 電機、資訊、工、理、科技法律 electrical engineering, computer science, engineering, science, law | I84: NYCU
A85: 歐洲 Europe | B85: 立陶宛 Lithuania | C85: 維爾紐斯格迪米尼茲科技大學 Vilnius Gediminas Technical University | D85: V | E85: V | I85: NYCU
A86: 歐洲 Europe | B86: 立陶宛 Lithuania | C86: 維爾紐斯大學 Vilnius University | D86: V | E86: V | I86: NYCU
A87: 歐洲 Europe | B87: 匈牙利 Hungary | C87: 布達佩斯科技經濟大學 Budapest University of Technology and Economics | D87: V
A88: 歐洲 Europe | B88: 匈牙利 Hungary | C88: 羅蘭大學 Eötvös Loránd University | D88: V | E88: V | I88: NYCU
A89: 歐洲 Europe | B89: 法國 France | C89: 南特大學 Université de Nantes | D89: V
A90: 歐洲 Europe | B90: 法國 France | C90: 聖太田大學 Université Jean Monnet, Saint-Etienne | D90: V | E90: V | I90: NYCU
A91: 歐洲 Europe | B91: 法國 France | C91: n+i 理工學院聯盟 Network n+i Engineering Institutes | D91: V
A92: 歐洲 Europe | B92: 法國 France | C92: 中央理工-高等電力學院 CentraleSupélec | D92: V | E92: V | F92: MS, PhD | G92: 電機、資訊 Electrical and Computer Engineering/ Computer Science | I92: 原: 高等電力學院 Former: École supérieure d’électricité (SUPELEC) NYCU
A93: 歐洲 Europe | B93: 法國 France | C93: 南巴黎電信學校 Telecom SudParis (TSP) | D93: V | E93: V | F93: MS, PhD | G93: 電機、資訊、工、理、光電 Electrical and Computer Engineering/ Computer Science/Engineering/ Science/ Photonics
A94: 歐洲 Europe | B94: 法國 France | C94: 巴黎高等電子學院 Institut supérieur d'électronique de Paris (ISEP) | E94: V
A95: 歐洲 Europe | B95: 法國 France | C95: 圖盧茲第三大學 University Paul Sabatier-Toulouse III | E95: V
A96: 歐洲 Europe | B96: 法國 France | C96: 里昂第三大學 Jean Moulin University-Lyon 3 | D96: V | E96: V | I96: NYCU
A97: 歐洲 Europe | B97: 法國 France | C97: 雷恩商學院 ESC Rennes School of Business | E97: V | F97: BS+MS | G97: 管理 Management | I97: 原: 產業物流研究學院 Former: École supérieure de logistique industrielle
A98: 歐洲 Europe | B98: 法國 France | C98: 特魯瓦科技大學 University of Technology of Troyes | D98: V | E98: V | I98: NYCU
A99: 歐洲 Europe | B99: 法國 France | C99: 聖艾蒂安礦業學院 Ecole des Mines de Saint-Etienne | D99: V | E99: V | F99: MS | G99: 電機、理 Electrical and Computer Engineering/ Science | I99: NYCU
A100: 歐洲 Europe | B100: 法國 France | C100: Y Schools精英高等院校聯盟 Y Schools | E100: V | I100: 原: 特魯瓦高等管理學院 Former: Groupe ESC Troyes
...

Sheet 標籤資料
A1: 洲別 | B1: 北美洲 North America | C1: 中南美洲 Central and South America | D1: 非洲 Africa | E1: 歐洲 Europe | F1: 亞西地區 West Asia | G1: 亞太地區 Asia Pacific
A2: 北美洲 North America | B2: {=IFERROR(OFFSET('名稱對照'!E$1,SMALL(IF(名稱_所屬洲別="NA",ROW(名稱_所屬洲別),""),row(1:1))-1,0),"")} -> 加拿大 Canada | C2: {=IFERROR(OFFSET('名稱對照'!E$1,SMALL(IF(名稱_所屬洲別="SA",ROW(名稱_所屬洲別),""),row(1:1))-1,0),"")} -> 阿根廷 Argentina | D2: {=IFERROR(OFFSET('名稱對照'!E$1,SMALL(IF(名稱_所屬洲別="AF",ROW(名稱_所屬洲別),""),row(1:1))-1,0),"")} -> 安哥拉 Angola | E2: {=IFERROR(OFFSET('名稱對照'!E$1,SMALL(IF(名稱_所屬洲別="EU",ROW(名稱_所屬洲別),""),row(1:1))-1,0),"")} -> 阿爾巴尼亞 Albania | F2: {=IFERROR(OFFSET('名稱對照'!E$1,SMALL(IF(名稱_所屬洲別="WA",ROW(名稱_所屬洲別),""),row(1:1))-1,0),"")} -> 阿富汗 Afghanistan | G2: {=IFERROR(OFFSET('名稱對照'!E$1,SMALL(IF(名稱_所屬洲別="AP",ROW(名稱_所屬洲別),""),row(1:1))-1,0),"")} -> 澳洲 Australia
A3: 中南美洲 Central and South America | B3: {=IFERROR(OFFSET('名稱對照'!E$1,SMALL(IF(名稱_所屬洲別="NA",ROW(名稱_所屬洲別),""),row(2:2))-1,0),"")} -> 美國 USA | C3: {=IFERROR(OFFSET('名稱對照'!E$1,SMALL(IF(名稱_所屬洲別="SA",ROW(名稱_所屬洲別),""),row(2:2))-1,0),"")} -> 巴哈馬 The Bahamas | D3: {=IFERROR(OFFSET('名稱對照'!E$1,SMALL(IF(名稱_所屬洲別="AF",ROW(名稱_所屬洲別),""),row(2:2))-1,0),"")} -> 蒲隆地 Burundi | E3: {=IFERROR(OFFSET('名稱對照'!E$1,SMALL(IF(名稱_所屬洲別="EU",ROW(名稱_所屬洲別),""),row(2:2))-1,0),"")} -> 奧地利 Austria | F3: {=IFERROR(OFFSET('名稱對照'!E$1,SMALL(IF(名稱_所屬洲別="WA",ROW(名稱_所屬洲別),""),row(2:2))-1,0),"")} -> 阿拉伯聯合大公國 United Arab Emirates | G3: {=IFERROR(OFFSET('名稱對照'!E$1,SMALL(IF(名稱_所屬洲別="AP",ROW(名稱_所屬洲別),""),row(2:2))-1,0),"")} -> 孟加拉 Bangladesh
A4: 非洲 Africa | B4: {=IFERROR(OFFSET('名稱對照'!E$1,SMALL(IF(名稱_所屬洲別="NA",ROW(名稱_所屬洲別),""),row(3:3))-1,0),"")} -> 格陵蘭 Greenland | C4: {=IFERROR(OFFSET('名稱對照'!E$1,SMALL(IF(名稱_所屬洲別="SA",ROW(名稱_所屬洲別),""),row(3:3))-1,0),"")} -> 貝里斯 Belize | D4: {=IFERROR(OFFSET('名稱對照'!E$1,SMALL(IF(名稱_所屬洲別="AF",ROW(名稱_所屬洲別),""),row(3:3))-1,0),"")} -> 貝南 Benin | E4: {=IFERROR(OFFSET('名稱對照'!E$1,SMALL(IF(名稱_所屬洲別="EU",ROW(名稱_所屬洲別),""),row(3:3))-1,0),"")} -> 比利時 Belgium | F4: {=IFERROR(OFFSET('名稱對照'!E$1,SMALL(IF(名稱_所屬洲別="WA",ROW(名稱_所屬洲別),""),row(3:3))-1,0),"")} -> 亞美尼亞 Armenia | G4: {=IFERROR(OFFSET('名稱對照'!E$1,SMALL(IF(名稱_所屬洲別="AP",ROW(名稱_所屬洲別),""),row(3:3))-1,0),"")} -> 汶萊 Brunei
A5: 歐洲 Europe | B5: {=IFERROR(OFFSET('名稱對照'!E$1,SMALL(IF(名稱_所屬洲別="NA",ROW(名稱_所屬洲別),""),row(4:4))-1,0),"")} | C5: {=IFERROR(OFFSET('名稱對照'!E$1,SMALL(IF(名稱_所屬洲別="SA",ROW(名稱_所屬洲別),""),row(4:4))-1,0),"")} -> 玻利維亞 Bolivia | D5: {=IFERROR(OFFSET('名稱對照'!E$1,SMALL(IF(名稱_所屬洲別="AF",ROW(名稱_所屬洲別),""),row(4:4))-1,0),"")} -> 布吉納法索 Burkina Faso | E5: {=IFERROR(OFFSET('名稱對照'!E$1,SMALL(IF(名稱_所屬洲別="EU",ROW(名稱_所屬洲別),""),row(4:4))-1,0),"")} -> 保加利亞 Bulgaria | F5: {=IFERROR(OFFSET('名稱對照'!E$1,SMALL(IF(名稱_所屬洲別="WA",ROW(名稱_所屬洲別),""),row(4:4))-1,0),"")} -> 亞塞拜然共和國 Azerbaijan | G5: {=IFERROR(OFFSET('名稱對照'!E$1,SMALL(IF(名稱_所屬洲別="AP",ROW(名稱_所屬洲別),""),row(4:4))-1,0),"")} -> 不丹 Bhutan
A6: 亞西地區 West Asia | B6: {=IFERROR(OFFSET('名稱對照'!E$1,SMALL(IF(名稱_所屬洲別="NA",ROW(名稱_所屬洲別),""),row(5:5))-1,0),"")} | C6: {=IFERROR(OFFSET('名稱對照'!E$1,SMALL(IF(名稱_所屬洲別="SA",ROW(名稱_所屬洲別),""),row(5:5))-1,0),"")} -> 巴西 Brazil | D6: {=IFERROR(OFFSET('名稱對照'!E$1,SMALL(IF(名稱_所屬洲別="AF",ROW(名稱_所屬洲別),""),row(5:5))-1,0),"")} -> 波札那 Botswana | E6: {=IFERROR(OFFSET('名稱對照'!E$1,SMALL(IF(名稱_所屬洲別="EU",ROW(名稱_所屬洲別),""),row(5:5))-1,0),"")} -> 波士尼亞與赫塞哥維納 Bosnia and Herzegovina | F6: {=IFERROR(OFFSET('名稱對照'!E$1,SMALL(IF(名稱_所屬洲別="WA",ROW(名稱_所屬洲別),""),row(5:5))-1,0),"")} -> 賽普勒斯 Cyprus | G6: {=IFERROR(OFFSET('名稱對照'!E$1,SMALL(IF(名稱_所屬洲別="AP",ROW(名稱_所屬洲別),""),row(5:5))-1,0),"")} -> 大陸地區 Mainland China
A7: 亞太地區 Asia Pacific | B7: {=IFERROR(OFFSET('名稱對照'!E$1,SMALL(IF(名稱_所屬洲別="NA",ROW(名稱_所屬洲別),""),row(6:6))-1,0),"")} | C7: {=IFERROR(OFFSET('名稱對照'!E$1,SMALL(IF(名稱_所屬洲別="SA",ROW(名稱_所屬洲別),""),row(6:6))-1,0),"")} -> 智利 Chile | D7: {=IFERROR(OFFSET('名稱對照'!E$1,SMALL(IF(名稱_所屬洲別="AF",ROW(名稱_所屬洲別),""),row(6:6))-1,0),"")} -> 中非共和國 Central African Republic | E7: {=IFERROR(OFFSET('名稱對照'!E$1,SMALL(IF(名稱_所屬洲別="EU",ROW(名稱_所屬洲別),""),row(6:6))-1,0),"")} -> 白俄羅斯 Belarus | F7: {=IFERROR(OFFSET('名稱對照'!E$1,SMALL(IF(名稱_所屬洲別="WA",ROW(名稱_所屬洲別),""),row(6:6))-1,0),"")} -> 喬治亞 Georgia | G7: {=IFERROR(OFFSET('名稱對照'!E$1,SMALL(IF(名稱_所屬洲別="AP",ROW(名稱_所屬洲別),""),row(6:6))-1,0),"")} -> 斐濟 Fiji
B8: {=IFERROR(OFFSET('名稱對照'!E$1,SMALL(IF(名稱_所屬洲別="NA",ROW(名稱_所屬洲別),""),row(7:7))-1,0),"")} | C8: {=IFERROR(OFFSET('名稱對照'!E$1,SMALL(IF(名稱_所屬洲別="SA",ROW(名稱_所屬洲別),""),row(7:7))-1,0),"")} -> 哥倫比亞 Colombia | D8: {=IFERROR(OFFSET('名稱對照'!E$1,SMALL(IF(名稱_所屬洲別="AF",ROW(名稱_所屬洲別),""),row(7:7))-1,0),"")} -> 象牙海岸 Ivory Coast | E8: {=IFERROR(OFFSET('名稱對照'!E$1,SMALL(IF(名稱_所屬洲別="EU",ROW(名稱_所屬洲別),""),row(7:7))-1,0),"")} -> 瑞士 Switzerland | F8: {=IFERROR(OFFSET('名稱對照'!E$1,SMALL(IF(名稱_所屬洲別="WA",ROW(名稱_所屬洲別),""),row(7:7))-1,0),"")} -> 伊朗 Iran | G8: {=IFERROR(OFFSET('名稱對照'!E$1,SMALL(IF(名稱_所屬洲別="AP",ROW(名稱_所屬洲別),""),row(7:7))-1,0),"")} -> 印尼 Indonesia
B9: {=IFERROR(OFFSET('名稱對照'!E$1,SMALL(IF(名稱_所屬洲別="NA",ROW(名稱_所屬洲別),""),row(8:8))-1,0),"")} | C9: {=IFERROR(OFFSET('名稱對照'!E$1,SMALL(IF(名稱_所屬洲別="SA",ROW(名稱_所屬洲別),""),row(8:8))-1,0),"")} -> 哥斯大黎加 Costa Rica | D9: {=IFERROR(OFFSET('名稱對照'!E$1,SMALL(IF(名稱_所屬洲別="AF",ROW(名稱_所屬洲別),""),row(8:8))-1,0),"")} -> 喀麥隆 Cameroon | E9: {=IFERROR(OFFSET('名稱對照'!E$1,SMALL(IF(名稱_所屬洲別="EU",ROW(名稱_所屬洲別),""),row(8:8))-1,0),"")} -> 捷克 Czech Republic | F9: {=IFERROR(OFFSET('名稱對照'!E$1,SMALL(IF(名稱_所屬洲別="WA",ROW(名稱_所屬洲別),""),row(8:8))-1,0),"")} -> 伊拉克 Iraq | G9: {=IFERROR(OFFSET('名稱對照'!E$1,SMALL(IF(名稱_所屬洲別="AP",ROW(名稱_所屬洲別),""),row(8:8))-1,0),"")} -> 印度 India
B10: {=IFERROR(OFFSET('名稱對照'!E$1,SMALL(IF(名稱_所屬洲別="NA",ROW(名稱_所屬洲別),""),row(9:9))-1,0),"")} | C10: {=IFERROR(OFFSET('名稱對照'!E$1,SMALL(IF(名稱_所屬洲別="SA",ROW(名稱_所屬洲別),""),row(9:9))-1,0),"")} -> 古巴 Cuba | D10: {=IFERROR(OFFSET('名稱對照'!E$1,SMALL(IF(名稱_所屬洲別="AF",ROW(名稱_所屬洲別),""),row(9:9))-1,0),"")} -> 剛果民主共和國 Democratic Republic of the Congo | E10: {=IFERROR(OFFSET('名稱對照'!E$1,SMALL(IF(名稱_所屬洲別="EU",ROW(名稱_所屬洲別),""),row(9:9))-1,0),"")} -> 德國 Germany | F10: {=IFERROR(OFFSET('名稱對照'!E$1,SMALL(IF(名稱_所屬洲別="WA",ROW(名稱_所屬洲別),""),row(9:9))-1,0),"")} -> 以色列 Israel | G10: {=IFERROR(OFFSET('名稱對照'!E$1,SMALL(IF(名稱_所屬洲別="AP",ROW(名稱_所屬洲別),""),row(9:9))-1,0),"")} -> 日本 Japan
B11: {=IFERROR(OFFSET('名稱對照'!E$1,SMALL(IF(名稱_所屬洲別="NA",ROW(名稱_所屬洲別),""),row(10:10))-1,0),"")} | C11: {=IFERROR(OFFSET('名稱對照'!E$1,SMALL(IF(名稱_所屬洲別="SA",ROW(名稱_所屬洲別),""),row(10:10))-1,0),"")} -> 多明尼加 Dominican Republic | D11: {=IFERROR(OFFSET('名稱對照'!E$1,SMALL(IF(名稱_所屬洲別="AF",ROW(名稱_所屬洲別),""),row(10:10))-1,0),"")} -> 剛果共和國 Republic of the Congo | E11: {=IFERROR(OFFSET('名稱對照'!E$1,SMALL(IF(名稱_所屬洲別="EU",ROW(名稱_所屬洲別),""),row(10:10))-1,0),"")} -> 丹麥 Denmark | F11: {=IFERROR(OFFSET('名稱對照'!E$1,SMALL(IF(名稱_所屬洲別="WA",ROW(名稱_所屬洲別),""),row(10:10))-1,0),"")} -> 約旦 Jordan | G11: {=IFERROR(OFFSET('名稱對照'!E$1,SMALL(IF(名稱_所屬洲別="AP",ROW(名稱_所屬洲別),""),row(10:10))-1,0),"")} -> 柬埔寨 Cambodia
B12: {=IFERROR(OFFSET('名稱對照'!E$1,SMALL(IF(名稱_所屬洲別="NA",ROW(名稱_所屬洲別),""),row(11:11))-1,0),"")} | C12: {=IFERROR(OFFSET('名稱對照'!E$1,SMALL(IF(名稱_所屬洲別="SA",ROW(名稱_所屬洲別),""),row(11:11))-1,0),"")} -> 厄瓜多 Ecuador | D12: {=IFERROR(OFFSET('名稱對照'!E$1,SMALL(IF(名稱_所屬洲別="AF",ROW(名稱_所屬洲別),""),row(11:11))-1,0),"")} -> 吉布地 Djibouti | E12: {=IFERROR(OFFSET('名稱對照'!E$1,SMALL(IF(名稱_所屬洲別="EU",ROW(名稱_所屬洲別),""),row(11:11))-1,0),"")} -> 西班牙 Spain | F12: {=IFERROR(OFFSET('名稱對照'!E$1,SMALL(IF(名稱_所屬洲別="WA",ROW(名稱_所屬洲別),""),row(11:11))-1,0),"")} -> 哈薩克 Kazakhstan | G12: {=IFERROR(OFFSET('名稱對照'!E$1,SMALL(IF(名稱_所屬洲別="AP",ROW(名稱_所屬洲別),""),row(11:11))-1,0),"")} -> 韓國 South Korea
B13: {=IFERROR(OFFSET('名稱對照'!E$1,SMALL(IF(名稱_所屬洲別="NA",ROW(名稱_所屬洲別),""),row(12:12))-1,0),"")} | C13: {=IFERROR(OFFSET('名稱對照'!E$1,SMALL(IF(名稱_所屬洲別="SA",ROW(名稱_所屬洲別),""),row(12:12))-1,0),"")} -> 福克蘭群島 Falkland Islands | D13: {=IFERROR(OFFSET('名稱對照'!E$1,SMALL(IF(名稱_所屬洲別="AF",ROW(名稱_所屬洲別),""),row(12:12))-1,0),"")} -> 阿爾及利亞 Algeria | E13: {=IFERROR(OFFSET('名稱對照'!E$1,SMALL(IF(名稱_所屬洲別="EU",ROW(名稱_所屬洲別),""),row(12:12))-1,0),"")} -> 愛沙尼亞 Estonia | F13: {=IFERROR(OFFSET('名稱對照'!E$1,SMALL(IF(名稱_所屬洲別="WA",ROW(名稱_所屬洲別),""),row(12:12))-1,0),"")} -> 吉爾吉斯 Kyrgyzstan | G13: {=IFERROR(OFFSET('名稱對照'!E$1,SMALL(IF(名稱_所屬洲別="AP",ROW(名稱_所屬洲別),""),row(12:12))-1,0),"")} -> 寮國 Laos
B14: {=IFERROR(OFFSET('名稱對照'!E$1,SMALL(IF(名稱_所屬洲別="NA",ROW(名稱_所屬洲別),""),row(13:13))-1,0),"")} | C14: {=IFERROR(OFFSET('名稱對照'!E$1,SMALL(IF(名稱_所屬洲別="SA",ROW(名稱_所屬洲別),""),row(13:13))-1,0),"")} -> 法屬圭亞那 French Guiana | D14: {=IFERROR(OFFSET('名稱對照'!E$1,SMALL(IF(名稱_所屬洲別="AF",ROW(名稱_所屬洲別),""),row(13:13))-1,0),"")} -> 埃及 Egypt | E14: {=IFERROR(OFFSET('名稱對照'!E$1,SMALL(IF(名稱_所屬洲別="EU",ROW(名稱_所屬洲別),""),row(13:13))-1,0),"")} -> 芬蘭 Finland | F14: {=IFERROR(OFFSET('名稱對照'!E$1,SMALL(IF(名稱_所屬洲別="WA",ROW(名稱_所屬洲別),""),row(13:13))-1,0),"")} -> 科威特 Kuwait | G14: {=IFERROR(OFFSET('名稱對照'!E$1,SMALL(IF(名稱_所屬洲別="AP",ROW(名稱_所屬洲別),""),row(13:13))-1,0),"")} -> 斯里蘭卡 Sri Lanka
B15: {=IFERROR(OFFSET('名稱對照'!E$1,SMALL(IF(名稱_所屬洲別="NA",ROW(名稱_所屬洲別),""),row(14:14))-1,0),"")} | C15: {=IFERROR(OFFSET('名稱對照'!E$1,SMALL(IF(名稱_所屬洲別="SA",ROW(名稱_所屬洲別),""),row(14:14))-1,0),"")} -> 瓜地馬拉 Guatemala | D15: {=IFERROR(OFFSET('名稱對照'!E$1,SMALL(IF(名稱_所屬洲別="AF",ROW(名稱_所屬洲別),""),row(14:14))-1,0),"")} -> 厄利垂亞 Eritrea | E15: {=IFERROR(OFFSET('名稱對照'!E$1,SMALL(IF(名稱_所屬洲別="EU",ROW(名稱_所屬洲別),""),row(14:14))-1,0),"")} -> 法國 France | F15: {=IFERROR(OFFSET('名稱對照'!E$1,SMALL(IF(名稱_所屬洲別="WA",ROW(名稱_所屬洲別),""),row(14:14))-1,0),"")} -> 黎巴嫩 Lebanon | G15: {=IFERROR(OFFSET('名稱對照'!E$1,SMALL(IF(名稱_所屬洲別="AP",ROW(名稱_所屬洲別),""),row(14:14))-1,0),"")} -> 緬甸 Myanmar
B16: {=IFERROR(OFFSET('名稱對照'!E$1,SMALL(IF(名稱_所屬洲別="NA",ROW(名稱_所屬洲別),""),row(15:15))-1,0),"")} | C16: {=IFERROR(OFFSET('名稱對照'!E$1,SMALL(IF(名稱_所屬洲別="SA",ROW(名稱_所屬洲別),""),row(15:15))-1,0),"")} -> 蓋亞那 Guyana | D16: {=IFERROR(OFFSET('名稱對照'!E$1,SMALL(IF(名稱_所屬洲別="AF",ROW(名稱_所屬洲別),""),row(15:15))-1,0),"")} -> 衣索比亞 Ethiopia | E16: {=IFERROR(OFFSET('名稱對照'!E$1,SMALL(IF(名稱_所屬洲別="EU",ROW(名稱_所屬洲別),""),row(15:15))-1,0),"")} -> 英國 United Kingdom | F16: {=IFERROR(OFFSET('名稱對照'!E$1,SMALL(IF(名稱_所屬洲別="WA",ROW(名稱_所屬洲別),""),row(15:15))-1,0),"")} -> 蒙古國 Mongolia | G16: {=IFERROR(OFFSET('名稱對照'!E$1,SMALL(IF(名稱_所屬洲別="AP",ROW(名稱_所屬洲別),""),row(15:15))-1,0),"")} -> 馬來西亞 Malaysia
B17: {=IFERROR(OFFSET('名稱對照'!E$1,SMALL(IF(名稱_所屬洲別="NA",ROW(名稱_所屬洲別),""),row(16:16))-1,0),"")} | C17: {=IFERROR(OFFSET('名稱對照'!E$1,SMALL(IF(名稱_所屬洲別="SA",ROW(名稱_所屬洲別),""),row(16:16))-1,0),"")} -> 宏都拉斯 Honduras | D17: {=IFERROR(OFFSET('名稱對照'!E$1,SMALL(IF(名稱_所屬洲別="AF",ROW(名稱_所屬洲別),""),row(16:16))-1,0),"")} -> 加彭 Gabon | E17: {=IFERROR(OFFSET('名稱對照'!E$1,SMALL(IF(名稱_所屬洲別="EU",ROW(名稱_所屬洲別),""),row(16:16))-1,0),"")} -> 希臘 Greece | F17: {=IFERROR(OFFSET('名稱對照'!E$1,SMALL(IF(名稱_所屬洲別="WA",ROW(名稱_所屬洲別),""),row(16:16))-1,0),"")} -> 阿曼 Oman | G17: {=IFERROR(OFFSET('名稱對照'!E$1,SMALL(IF(名稱_所屬洲別="AP",ROW(名稱_所屬洲別),""),row(16:16))-1,0),"")} -> 新喀里多尼亞 New Caledonia
B18: {=IFERROR(OFFSET('名稱對照'!E$1,SMALL(IF(名稱_所屬洲別="NA",ROW(名稱_所屬洲別),""),row(17:17))-1,0),"")} | C18: {=IFERROR(OFFSET('名稱對照'!E$1,SMALL(IF(名稱_所屬洲別="SA",ROW(名稱_所屬洲別),""),row(17:17))-1,0),"")} -> 海地 Haiti | D18: {=IFERROR(OFFSET('名稱對照'!E$1,SMALL(IF(名稱_所屬洲別="AF",ROW(名稱_所屬洲別),""),row(17:17))-1,0),"")} -> 迦納 Ghana | E18: {=IFERROR(OFFSET('名稱對照'!E$1,SMALL(IF(名稱_所屬洲別="EU",ROW(名稱_所屬洲別),""),row(17:17))-1,0),"")} -> 克羅埃西亞 Croatia | F18: {=IFERROR(OFFSET('名稱對照'!E$1,SMALL(IF(名稱_所屬洲別="WA",ROW(名稱_所屬洲別),""),row(17:17))-1,0),"")} -> 巴基斯坦 Pakistan | G18: {=IFERROR(OFFSET('名稱對照'!E$1,SMALL(IF(名稱_所屬洲別="AP",ROW(名稱_所屬洲別),""),row(17:17))-1,0),"")} -> 尼泊爾 Nepal
B19: {=IFERROR(OFFSET('名稱對照'!E$1,SMALL(IF(名稱_所屬洲別="NA",ROW(名稱_所屬洲別),""),row(18:18))-1,0),"")} | C19: {=IFERROR(OFFSET('名稱對照'!E$1,SMALL(IF(名稱_所屬洲別="SA",ROW(名稱_所屬洲別),""),row(18:18))-1,0),"")} -> 牙買加 Jamaica | D19: {=IFERROR(OFFSET('名稱對照'!E$1,SMALL(IF(名稱_所屬洲別="AF",ROW(名稱_所屬洲別),""),row(18:18))-1,0),"")} -> 幾內亞 Guinea | E19: {=IFERROR(OFFSET('名稱對照'!E$1,SMALL(IF(名稱_所屬洲別="EU",ROW(名稱_所屬洲別),""),row(18:18))-1,0),"")} -> 匈牙利 Hungary | F19: {=IFERROR(OFFSET('名稱對照'!E$1,SMALL(IF(名稱_所屬洲別="WA",ROW(名稱_所屬洲別),""),row(18:18))-1,0),"")} -> 卡達 Qatar | G19: {=IFERROR(OFFSET('名稱對照'!E$1,SMALL(IF(名稱_所屬洲別="AP",ROW(名稱_所屬洲別),""),row(18:18))-1,0),"")} -> 紐西蘭 New Zealand
B20: {=IFERROR(OFFSET('名稱對照'!E$1,SMALL(IF(名稱_所屬洲別="NA",ROW(名稱_所屬洲別),""),row(19:19))-1,0),"")} | C20: {=IFERROR(OFFSET('名稱對照'!E$1,SMALL(IF(名稱_所屬洲別="SA",ROW(名稱_所屬洲別),""),row(19:19))-1,0),"")} -> 墨西哥 Mexico | D20: {=IFERROR(OFFSET('名稱對照'!E$1,SMALL(IF(名稱_所屬洲別="AF",ROW(名稱_所屬洲別),""),row(19:19))-1,0),"")} -> 甘比亞 Gambia | E20: {=IFERROR(OFFSET('名稱對照'!E$1,SMALL(IF(名稱_所屬洲別="EU",ROW(名稱_所屬洲別),""),row(19:19))-1,0),"")} -> 愛爾蘭島 Ireland | F20: {=IFERROR(OFFSET('名稱對照'!E$1,SMALL(IF(名稱_所屬洲別="WA",ROW(名稱_所屬洲別),""),row(19:19))-1,0),"")} -> 俄羅斯 Russia | G20: {=IFERROR(OFFSET('名稱對照'!E$1,SMALL(IF(名稱_所屬洲別="AP",ROW(名稱_所屬洲別),""),row(19:19))-1,0),"")} -> 菲律賓 Philippines
B21: {=IFERROR(OFFSET('名稱對照'!E$1,SMALL(IF(名稱_所屬洲別="NA",ROW(名稱_所屬洲別),""),row(20:20))-1,0),"")} | C21: {=IFERROR(OFFSET('名稱對照'!E$1,SMALL(IF(名稱_所屬洲別="SA",ROW(名稱_所屬洲別),""),row(20:20))-1,0),"")} -> 尼加拉瓜 Nicaragua | D21: {=IFERROR(OFFSET('名稱對照'!E$1,SMALL(IF(名稱_所屬洲別="AF",ROW(名稱_所屬洲別),""),row(20:20))-1,0),"")} -> 幾內亞比索 Guinea Bissau | E21: {=IFERROR(OFFSET('名稱對照'!E$1,SMALL(IF(名稱_所屬洲別="EU",ROW(名稱_所屬洲別),""),row(20:20))-1,0),"")} -> 冰島 Iceland | F21: {=IFERROR(OFFSET('名稱對照'!E$1,SMALL(IF(名稱_所屬洲別="WA",ROW(名稱_所屬洲別),""),row(20:20))-1,0),"")} -> 沙烏地阿拉伯 Saudi Arabia | G21: {=IFERROR(OFFSET('名稱對照'!E$1,SMALL(IF(名稱_所屬洲別="AP",ROW(名稱_所屬洲別),""),row(20:20))-1,0),"")} -> 巴布亞紐幾內亞 Papua New Guinea
B22: {=IFERROR(OFFSET('名稱對照'!E$1,SMALL(IF(名稱_所屬洲別="NA",ROW(名稱_所屬洲別),""),row(21:21))-1,0),"")} | C22: {=IFERROR(OFFSET('名稱對照'!E$1,SMALL(IF(名稱_所屬洲別="SA",ROW(名稱_所屬洲別),""),row(21:21))-1,0),"")} -> 巴拿馬 Panama | D22: {=IFERROR(OFFSET('名稱對照'!E$1,SMALL(IF(名稱_所屬洲別="AF",ROW(名稱_所屬洲別),""),row(21:21))-1,0),"")} -> 赤道幾內亞 Equatorial Guinea | E22: {=IFERROR(OFFSET('名稱對照'!E$1,SMALL(IF(名稱_所屬洲別="EU",ROW(名稱_所屬洲別),""),row(21:21))-1,0),"")} -> 義大利 Italy | F22: {=IFERROR(OFFSET('名稱對照'!E$1,SMALL(IF(名稱_所屬洲別="WA",ROW(名稱_所屬洲別),""),row(21:21))-1,0),"")} -> 敘利亞 Syria | G22: {=IFERROR(OFFSET('名稱對照'!E$1,SMALL(IF(名稱_所屬洲別="AP",ROW(名稱_所屬洲別),""),row(21:21))-1,0),"")} -> 朝鮮民主主義人民共和國 North Korea
B23: {=IFERROR(OFFSET('名稱對照'!E$1,SMALL(IF(名稱_所屬洲別="NA",ROW(名稱_所屬洲別),""),row(22:22))-1,0),"")} | C23: {=IFERROR(OFFSET('名稱對照'!E$1,SMALL(IF(名稱_所屬洲別="SA",ROW(名稱_所屬洲別),""),row(22:22))-1,0),"")} -> 秘魯 Peru | D23: {=IFERROR(OFFSET('名稱對照'!E$1,SMALL(IF(名稱_所屬洲別="AF",ROW(名稱_所屬洲別),""),row(22:22))-1,0),"")} -> 肯亞 Kenya | E23: {=IFERROR(OFFSET('名稱對照'!E$1,SMALL(IF(名稱_所屬洲別="EU",ROW(名稱_所屬洲別),""),row(22:22))-1,0),"")} -> 立陶宛 Lithuania | F23: {=IFERROR(OFFSET('名稱對照'!E$1,SMALL(IF(名稱_所屬洲別="WA",ROW(名稱_所屬洲別),""),row(22:22))-1,0),"")} -> 塔吉克 Tajikistan | G23: {=IFERROR(OFFSET('名稱對照'!E$1,SMALL(IF(名稱_所屬洲別="AP",ROW(名稱_所屬洲別),""),row(22:22))-1,0),"")} -> 索羅門群島 Solomon Islands
B24: {=IFERROR(OFFSET('名稱對照'!E$1,SMALL(IF(名稱_所屬洲別="NA",ROW(名稱_所屬洲別),""),row(23:23))-1,0),"")} | C24: {=IFERROR(OFFSET('名稱對照'!E$1,SMALL(IF(名稱_所屬洲別="SA",ROW(名稱_所屬洲別),""),row(23:23))-1,0),"")} -> 波多黎各 Puerto Rico | D24: {=IFERROR(OFFSET('名稱對照'!E$1,SMALL(IF(名稱_所屬洲別="AF",ROW(名稱_所屬洲別),""),row(23:23))-1,0),"")} -> 賴比瑞亞 Liberia | E24: {=IFERROR(OFFSET('名稱對照'!E$1,SMALL(IF(名稱_所屬洲別="EU",ROW(名稱_所屬洲別),""),row(23:23))-1,0),"")} -> 盧森堡 Luxembourg | F24: {=IFERROR(OFFSET('名稱對照'!E$1,SMALL(IF(名稱_所屬洲別="WA",ROW(名稱_所屬洲別),""),row(23:23))-1,0),"")} -> 土庫曼 Turkmenistan | G24: {=IFERROR(OFFSET('名稱對照'!E$1,SMALL(IF(名稱_所屬洲別="AP",ROW(名稱_所屬洲別),""),row(23:23))-1,0),"")} -> 泰國 Thailand
B25: {=IFERROR(OFFSET('名稱對照'!E$1,SMALL(IF(名稱_所屬洲別="NA",ROW(名稱_所屬洲別),""),row(24:24))-1,0),"")} | C25: {=IFERROR(OFFSET('名稱對照'!E$1,SMALL(IF(名稱_所屬洲別="SA",ROW(名稱_所屬洲別),""),row(24:24))-1,0),"")} -> 巴拉圭 Paraguay | D25: {=IFERROR(OFFSET('名稱對照'!E$1,SMALL(IF(名稱_所屬洲別="AF",ROW(名稱_所屬洲別),""),row(24:24))-1,0),"")} -> 利比亞 Libya | E25: {=IFERROR(OFFSET('名稱對照'!E$1,SMALL(IF(名稱_所屬洲別="EU",ROW(名稱_所屬洲別),""),row(24:24))-1,0),"")} -> 拉脫維亞 Latvia | F25: {=IFERROR(OFFSET('名稱對照'!E$1,SMALL(IF(名稱_所屬洲別="WA",ROW(名稱_所屬洲別),""),row(24:24))-1,0),"")} -> 土耳其 Turkey | G25: {=IFERROR(OFFSET('名稱對照'!E$1,SMALL(IF(名稱_所屬洲別="AP",ROW(名稱_所屬洲別),""),row(24:24))-1,0),"")} -> 東帝汶 East Timor
B26: {=IFERROR(OFFSET('名稱對照'!E$1,SMALL(IF(名稱_所屬洲別="NA",ROW(名稱_所屬洲別),""),row(25:25))-1,0),"")} | C26: {=IFERROR(OFFSET('名稱對照'!E$1,SMALL(IF(名稱_所屬洲別="SA",ROW(名稱_所屬洲別),""),row(25:25))-1,0),"")} -> 薩爾瓦多 El Salvador | D26: {=IFERROR(OFFSET('名稱對照'!E$1,SMALL(IF(名稱_所屬洲別="AF",ROW(名稱_所屬洲別),""),row(25:25))-1,0),"")} -> 賴索托 Lesotho | E26: {=IFERROR(OFFSET('名稱對照'!E$1,SMALL(IF(名稱_所屬洲別="EU",ROW(名稱_所屬洲別),""),row(25:25))-1,0),"")} -> 摩爾多瓦 Moldova | F26: {=IFERROR(OFFSET('名稱對照'!E$1,SMALL(IF(名稱_所屬洲別="WA",ROW(名稱_所屬洲別),""),row(25:25))-1,0),"")} -> 烏克蘭 Ukraine | G26: {=IFERROR(OFFSET('名稱對照'!E$1,SMALL(IF(名稱_所屬洲別="AP",ROW(名稱_所屬洲別),""),row(25:25))-1,0),"")} -> 中華民國 Taiwan
B27: {=IFERROR(OFFSET('名稱對照'!E$1,SMALL(IF(名稱_所屬洲別="NA",ROW(名稱_所屬洲別),""),row(26:26))-1,0),"")} | C27: {=IFERROR(OFFSET('名稱對照'!E$1,SMALL(IF(名稱_所屬洲別="SA",ROW(名稱_所屬洲別),""),row(26:26))-1,0),"")} -> 蘇利南 Suriname | D27: {=IFERROR(OFFSET('名稱對照'!E$1,SMALL(IF(名稱_所屬洲別="AF",ROW(名稱_所屬洲別),""),row(26:26))-1,0),"")} -> 摩洛哥 Morocco | E27: {=IFERROR(OFFSET('名稱對照'!E$1,SMALL(IF(名稱_所屬洲別="EU",ROW(名稱_所屬洲別),""),row(26:26))-1,0),"")} -> 馬其頓共和國 Macedonia | F27: {=IFERROR(OFFSET('名稱對照'!E$1,SMALL(IF(名稱_所屬洲別="WA",ROW(名稱_所屬洲別),""),row(26:26))-1,0),"")} -> 烏茲別克 Uzbekistan | G27: {=IFERROR(OFFSET('名稱對照'!E$1,SMALL(IF(名稱_所屬洲別="AP",ROW(名稱_所屬洲別),""),row(26:26))-1,0),"")} -> 越南 Vietnam
B28: {=IFERROR(OFFSET('名稱對照'!E$1,SMALL(IF(名稱_所屬洲別="NA",ROW(名稱_所屬洲別),""),row(27:27))-1,0),"")} | C28: {=IFERROR(OFFSET('名稱對照'!E$1,SMALL(IF(名稱_所屬洲別="SA",ROW(名稱_所屬洲別),""),row(27:27))-1,0),"")} -> 千里達及托巴哥 Trinidad and Tobago | D28: {=IFERROR(OFFSET('名稱對照'!E$1,SMALL(IF(名稱_所屬洲別="AF",ROW(名稱_所屬洲別),""),row(27:27))-1,0),"")} -> 馬達加斯加 Madagascar | E28: {=IFERROR(OFFSET('名稱對照'!E$1,SMALL(IF(名稱_所屬洲別="EU",ROW(名稱_所屬洲別),""),row(27:27))-1,0),"")} -> 蒙特內哥羅 Montenegro | F28: {=IFERROR(OFFSET('名稱對照'!E$1,SMALL(IF(名稱_所屬洲別="WA",ROW(名稱_所屬洲別),""),row(27:27))-1,0),"")} -> 約旦河西岸地區 West Bank | G28: {=IFERROR(OFFSET('名稱對照'!E$1,SMALL(IF(名稱_所屬洲別="AP",ROW(名稱_所屬洲別),""),row(27:27))-1,0),"")} -> 萬那杜 Vanuatu
B29: {=IFERROR(OFFSET('名稱對照'!E$1,SMALL(IF(名稱_所屬洲別="NA",ROW(名稱_所屬洲別),""),row(28:28))-1,0),"")} | C29: {=IFERROR(OFFSET('名稱對照'!E$1,SMALL(IF(名稱_所屬洲別="SA",ROW(名稱_所屬洲別),""),row(28:28))-1,0),"")} -> 烏拉圭 Uruguay | D29: {=IFERROR(OFFSET('名稱對照'!E$1,SMALL(IF(名稱_所屬洲別="AF",ROW(名稱_所屬洲別),""),row(28:28))-1,0),"")} -> 馬利 Mali | E29: {=IFERROR(OFFSET('名稱對照'!E$1,SMALL(IF(名稱_所屬洲別="EU",ROW(名稱_所屬洲別),""),row(28:28))-1,0),"")} -> 荷蘭 Netherlands | F29: {=IFERROR(OFFSET('名稱對照'!E$1,SMALL(IF(名稱_所屬洲別="WA",ROW(名稱_所屬洲別),""),row(28:28))-1,0),"")} -> 葉門 Yemen | G29: {=IFERROR(OFFSET('名稱對照'!E$1,SMALL(IF(名稱_所屬洲別="AP",ROW(名稱_所屬洲別),""),row(28:28))-1,0),"")} -> 新加坡 Republic of Singapore
B30: {=IFERROR(OFFSET('名稱對照'!E$1,SMALL(IF(名稱_所屬洲別="NA",ROW(名稱_所屬洲別),""),row(29:29))-1,0),"")} | C30: {=IFERROR(OFFSET('名稱對照'!E$1,SMALL(IF(名稱_所屬洲別="SA",ROW(名稱_所屬洲別),""),row(29:29))-1,0),"")} -> 委內瑞拉 Venezuela | D30: {=IFERROR(OFFSET('名稱對照'!E$1,SMALL(IF(名稱_所屬洲別="AF",ROW(名稱_所屬洲別),""),row(29:29))-1,0),"")} -> 莫三比克 Mozambique | E30: {=IFERROR(OFFSET('名稱對照'!E$1,SMALL(IF(名稱_所屬洲別="EU",ROW(名稱_所屬洲別),""),row(29:29))-1,0),"")} -> 挪威 Norway | F30: {=IFERROR(OFFSET('名稱對照'!E$1,SMALL(IF(名稱_所屬洲別="WA",ROW(名稱_所屬洲別),""),row(29:29))-1,0),"")} | G30: {=IFERROR(OFFSET('名稱對照'!E$1,SMALL(IF(名稱_所屬洲別="AP",ROW(名稱_所屬洲別),""),row(29:29))-1,0),"")} -> 香港 Hong Kong
B31: {=IFERROR(OFFSET('名稱對照'!E$1,SMALL(IF(名稱_所屬洲別="NA",ROW(名稱_所屬洲別),""),row(30:30))-1,0),"")} | C31: {=IFERROR(OFFSET('名稱對照'!E$1,SMALL(IF(名稱_所屬洲別="SA",ROW(名稱_所屬洲別),""),row(30:30))-1,0),"")} | D31: {=IFERROR(OFFSET('名稱對照'!E$1,SMALL(IF(名稱_所屬洲別="AF",ROW(名稱_所屬洲別),""),row(30:30))-1,0),"")} -> 茅利塔尼亞 Mauritania | E31: {=IFERROR(OFFSET('名稱對照'!E$1,SMALL(IF(名稱_所屬洲別="EU",ROW(名稱_所屬洲別),""),row(30:30))-1,0),"")} -> 波蘭 Poland | F31: {=IFERROR(OFFSET('名稱對照'!E$1,SMALL(IF(名稱_所屬洲別="WA",ROW(名稱_所屬洲別),""),row(30:30))-1,0),"")} | G31: {=IFERROR(OFFSET('名稱對照'!E$1,SMALL(IF(名稱_所屬洲別="AP",ROW(名稱_所屬洲別),""),row(30:30))-1,0),"")} -> 澳門 Machu
B32: {=IFERROR(OFFSET('名稱對照'!E$1,SMALL(IF(名稱_所屬洲別="NA",ROW(名稱_所屬洲別),""),row(31:31))-1,0),"")} | C32: {=IFERROR(OFFSET('名稱對照'!E$1,SMALL(IF(名稱_所屬洲別="SA",ROW(名稱_所屬洲別),""),row(31:31))-1,0),"")} | D32: {=IFERROR(OFFSET('名稱對照'!E$1,SMALL(IF(名稱_所屬洲別="AF",ROW(名稱_所屬洲別),""),row(31:31))-1,0),"")} -> 馬拉威 Malawi | E32: {=IFERROR(OFFSET('名稱對照'!E$1,SMALL(IF(名稱_所屬洲別="EU",ROW(名稱_所屬洲別),""),row(31:31))-1,0),"")} -> 葡萄牙 Portugal | F32: {=IFERROR(OFFSET('名稱對照'!E$1,SMALL(IF(名稱_所屬洲別="WA",ROW(名稱_所屬洲別),""),row(31:31))-1,0),"")} | G32: {=IFERROR(OFFSET('名稱對照'!E$1,SMALL(IF(名稱_所屬洲別="AP",ROW(名稱_所屬洲別),""),row(31:31))-1,0),"")} -> 玻里尼西亞 (大溪地) Polynesia (Tahitia)
B33: {=IFERROR(OFFSET('名稱對照'!E$1,SMALL(IF(名稱_所屬洲別="NA",ROW(名稱_所屬洲別),""),row(32:32))-1,0),"")} | C33: {=IFERROR(OFFSET('名稱對照'!E$1,SMALL(IF(名稱_所屬洲別="SA",ROW(名稱_所屬洲別),""),row(32:32))-1,0),"")} | D33: {=IFERROR(OFFSET('名稱對照'!E$1,SMALL(IF(名稱_所屬洲別="AF",ROW(名稱_所屬洲別),""),row(32:32))-1,0),"")} -> 納米比亞 Namibia | E33: {=IFERROR(OFFSET('名稱對照'!E$1,SMALL(IF(名稱_所屬洲別="EU",ROW(名稱_所屬洲別),""),row(32:32))-1,0),"")} -> 羅馬尼亞 Romania | F33: {=IFERROR(OFFSET('名稱對照'!E$1,SMALL(IF(名稱_所屬洲別="WA",ROW(名稱_所屬洲別),""),row(32:32))-1,0),"")} | G33: {=IFERROR(OFFSET('名稱對照'!E$1,SMALL(IF(名稱_所屬洲別="AP",ROW(名稱_所屬洲別),""),row(32:32))-1,0),"")}
B34: {=IFERROR(OFFSET('名稱對照'!E$1,SMALL(IF(名稱_所屬洲別="NA",ROW(名稱_所屬洲別),""),row(33:33))-1,0),"")} | C34: {=IFERROR(OFFSET('名稱對照'!E$1,SMALL(IF(名稱_所屬洲別="SA",ROW(名稱_所屬洲別),""),row(33:33))-1,0),"")} | D34: {=IFERROR(OFFSET('名稱對照'!E$1,SMALL(IF(名稱_所屬洲別="AF",ROW(名稱_所屬洲別),""),row(33:33))-1,0),"")} -> 尼日 Niger | E34: {=IFERROR(OFFSET('名稱對照'!E$1,SMALL(IF(名稱_所屬洲別="EU",ROW(名稱_所屬洲別),""),row(33:33))-1,0),"")} -> 塞爾維亞 Republic of Serbia | F34: {=IFERROR(OFFSET('名稱對照'!E$1,SMALL(IF(名稱_所屬洲別="WA",ROW(名稱_所屬洲別),""),row(33:33))-1,0),"")} | G34: {=IFERROR(OFFSET('名稱對照'!E$1,SMALL(IF(名稱_所屬洲別="AP",ROW(名稱_所屬洲別),""),row(33:33))-1,0),"")}
B35: {=IFERROR(OFFSET('名稱對照'!E$1,SMALL(IF(名稱_所屬洲別="NA",ROW(名稱_所屬洲別),""),row(34:34))-1,0),"")} | C35: {=IFERROR(OFFSET('名稱對照'!E$1,SMALL(IF(名稱_所屬洲別="SA",ROW(名稱_所屬洲別),""),row(34:34))-1,0),"")} | D35: {=IFERROR(OFFSET('名稱對照'!E$1,SMALL(IF(名稱_所屬洲別="AF",ROW(名稱_所屬洲別),""),row(34:34))-1,0),"")} -> 奈及利亞 Nigeria | E35: {=IFERROR(OFFSET('名稱對照'!E$1,SMALL(IF(名稱_所屬洲別="EU",ROW(名稱_所屬洲別),""),row(34:34))-1,0),"")} -> 斯洛伐克 Slovakia | F35: {=IFERROR(OFFSET('名稱對照'!E$1,SMALL(IF(名稱_所屬洲別="WA",ROW(名稱_所屬洲別),""),row(34:34))-1,0),"")} | G35: {=IFERROR(OFFSET('名稱對照'!E$1,SMALL(IF(名稱_所屬洲別="AP",ROW(名稱_所屬洲別),""),row(34:34))-1,0),"")}
B36: {=IFERROR(OFFSET('名稱對照'!E$1,SMALL(IF(名稱_所屬洲別="NA",ROW(名稱_所屬洲別),""),row(35:35))-1,0),"")} | C36: {=IFERROR(OFFSET('名稱對照'!E$1,SMALL(IF(名稱_所屬洲別="SA",ROW(名稱_所屬洲別),""),row(35:35))-1,0),"")} | D36: {=IFERROR(OFFSET('名稱對照'!E$1,SMALL(IF(名稱_所屬洲別="AF",ROW(名稱_所屬洲別),""),row(35:35))-1,0),"")} -> 盧安達 Rwanda | E36: {=IFERROR(OFFSET('名稱對照'!E$1,SMALL(IF(名稱_所屬洲別="EU",ROW(名稱_所屬洲別),""),row(35:35))-1,0),"")} -> 斯洛維尼亞 Slovenia | F36: {=IFERROR(OFFSET('名稱對照'!E$1,SMALL(IF(名稱_所屬洲別="WA",ROW(名稱_所屬洲別),""),row(35:35))-1,0),"")} | G36: {=IFERROR(OFFSET('名稱對照'!E$1,SMALL(IF(名稱_所屬洲別="AP",ROW(名稱_所屬洲別),""),row(35:35))-1,0),"")}
B37: {=IFERROR(OFFSET('名稱對照'!E$1,SMALL(IF(名稱_所屬洲別="NA",ROW(名稱_所屬洲別),""),row(36:36))-1,0),"")} | C37: {=IFERROR(OFFSET('名稱對照'!E$1,SMALL(IF(名稱_所屬洲別="SA",ROW(名稱_所屬洲別),""),row(36:36))-1,0),"")} | D37: {=IFERROR(OFFSET('名稱對照'!E$1,SMALL(IF(名稱_所屬洲別="AF",ROW(名稱_所屬洲別),""),row(36:36))-1,0),"")} -> 西撒哈拉 Western Sahara | E37: {=IFERROR(OFFSET('名稱對照'!E$1,SMALL(IF(名稱_所屬洲別="EU",ROW(名稱_所屬洲別),""),row(36:36))-1,0),"")} -> 瑞典 Sweden | F37: {=IFERROR(OFFSET('名稱對照'!E$1,SMALL(IF(名稱_所屬洲別="WA",ROW(名稱_所屬洲別),""),row(36:36))-1,0),"")} | G37: {=IFERROR(OFFSET('名稱對照'!E$1,SMALL(IF(名稱_所屬洲別="AP",ROW(名稱_所屬洲別),""),row(36:36))-1,0),"")}
B38: {=IFERROR(OFFSET('名稱對照'!E$1,SMALL(IF(名稱_所屬洲別="NA",ROW(名稱_所屬洲別),""),row(37:37))-1,0),"")} | C38: {=IFERROR(OFFSET('名稱對照'!E$1,SMALL(IF(名稱_所屬洲別="SA",ROW(名稱_所屬洲別),""),row(37:37))-1,0),"")} | D38: {=IFERROR(OFFSET('名稱對照'!E$1,SMALL(IF(名稱_所屬洲別="AF",ROW(名稱_所屬洲別),""),row(37:37))-1,0),"")} -> 蘇丹共和國 Sudan | E38: {=IFERROR(OFFSET('名稱對照'!E$1,SMALL(IF(名稱_所屬洲別="EU",ROW(名稱_所屬洲別),""),row(37:37))-1,0),"")} | F38: {=IFERROR(OFFSET('名稱對照'!E$1,SMALL(IF(名稱_所屬洲別="WA",ROW(名稱_所屬洲別),""),row(37:37))-1,0),"")} | G38: {=IFERROR(OFFSET('名稱對照'!E$1,SMALL(IF(名稱_所屬洲別="AP",ROW(名稱_所屬洲別),""),row(37:37))-1,0),"")}
B39: {=IFERROR(OFFSET('名稱對照'!E$1,SMALL(IF(名稱_所屬洲別="NA",ROW(名稱_所屬洲別),""),row(38:38))-1,0),"")} | C39: {=IFERROR(OFFSET('名稱對照'!E$1,SMALL(IF(名稱_所屬洲別="SA",ROW(名稱_所屬洲別),""),row(38:38))-1,0),"")} | D39: {=IFERROR(OFFSET('名稱對照'!E$1,SMALL(IF(名稱_所屬洲別="AF",ROW(名稱_所屬洲別),""),row(38:38))-1,0),"")} -> 南蘇丹 South Sudan | E39: {=IFERROR(OFFSET('名稱對照'!E$1,SMALL(IF(名稱_所屬洲別="EU",ROW(名稱_所屬洲別),""),row(38:38))-1,0),"")} | F39: {=IFERROR(OFFSET('名稱對照'!E$1,SMALL(IF(名稱_所屬洲別="WA",ROW(名稱_所屬洲別),""),row(38:38))-1,0),"")} | G39: {=IFERROR(OFFSET('名稱對照'!E$1,SMALL(IF(名稱_所屬洲別="AP",ROW(名稱_所屬洲別),""),row(38:38))-1,0),"")}
B40: {=IFERROR(OFFSET('名稱對照'!E$1,SMALL(IF(名稱_所屬洲別="NA",ROW(名稱_所屬洲別),""),row(39:39))-1,0),"")} | C40: {=IFERROR(OFFSET('名稱對照'!E$1,SMALL(IF(名稱_所屬洲別="SA",ROW(名稱_所屬洲別),""),row(39:39))-1,0),"")} | D40: {=IFERROR(OFFSET('名稱對照'!E$1,SMALL(IF(名稱_所屬洲別="AF",ROW(名稱_所屬洲別),""),row(39:39))-1,0),"")} -> 塞內加爾 Senegal | E40: {=IFERROR(OFFSET('名稱對照'!E$1,SMALL(IF(名稱_所屬洲別="EU",ROW(名稱_所屬洲別),""),row(39:39))-1,0),"")} | F40: {=IFERROR(OFFSET('名稱對照'!E$1,SMALL(IF(名稱_所屬洲別="WA",ROW(名稱_所屬洲別),""),row(39:39))-1,0),"")} | G40: {=IFERROR(OFFSET('名稱對照'!E$1,SMALL(IF(名稱_所屬洲別="AP",ROW(名稱_所屬洲別),""),row(39:39))-1,0),"")}
B41: {=IFERROR(OFFSET('名稱對照'!E$1,SMALL(IF(名稱_所屬洲別="NA",ROW(名稱_所屬洲別),""),row(40:40))-1,0),"")} | C41: {=IFERROR(OFFSET('名稱對照'!E$1,SMALL(IF(名稱_所屬洲別="SA",ROW(名稱_所屬洲別),""),row(40:40))-1,0),"")} | D41: {=IFERROR(OFFSET('名稱對照'!E$1,SMALL(IF(名稱_所屬洲別="AF",ROW(名稱_所屬洲別),""),row(40:40))-1,0),"")} -> 獅子山共和國 Sierra Leone | E41: {=IFERROR(OFFSET('名稱對照'!E$1,SMALL(IF(名稱_所屬洲別="EU",ROW(名稱_所屬洲別),""),row(40:40))-1,0),"")} | F41: {=IFERROR(OFFSET('名稱對照'!E$1,SMALL(IF(名稱_所屬洲別="WA",ROW(名稱_所屬洲別),""),row(40:40))-1,0),"")} | G41: {=IFERROR(OFFSET('名稱對照'!E$1,SMALL(IF(名稱_所屬洲別="AP",ROW(名稱_所屬洲別),""),row(40:40))-1,0),"")}
B42: {=IFERROR(OFFSET('名稱對照'!E$1,SMALL(IF(名稱_所屬洲別="NA",ROW(名稱_所屬洲別),""),row(41:41))-1,0),"")} | C42: {=IFERROR(OFFSET('名稱對照'!E$1,SMALL(IF(名稱_所屬洲別="SA",ROW(名稱_所屬洲別),""),row(41:41))-1,0),"")} | D42: {=IFERROR(OFFSET('名稱對照'!E$1,SMALL(IF(名稱_所屬洲別="AF",ROW(名稱_所屬洲別),""),row(41:41))-1,0),"")} -> 索馬利亞 Somalia | E42: {=IFERROR(OFFSET('名稱對照'!E$1,SMALL(IF(名稱_所屬洲別="EU",ROW(名稱_所屬洲別),""),row(41:41))-1,0),"")} | F42: {=IFERROR(OFFSET('名稱對照'!E$1,SMALL(IF(名稱_所屬洲別="WA",ROW(名稱_所屬洲別),""),row(41:41))-1,0),"")} | G42: {=IFERROR(OFFSET('名稱對照'!E$1,SMALL(IF(名稱_所屬洲別="AP",ROW(名稱_所屬洲別),""),row(41:41))-1,0),"")}
B43: {=IFERROR(OFFSET('名稱對照'!E$1,SMALL(IF(名稱_所屬洲別="NA",ROW(名稱_所屬洲別),""),row(42:42))-1,0),"")} | C43: {=IFERROR(OFFSET('名稱對照'!E$1,SMALL(IF(名稱_所屬洲別="SA",ROW(名稱_所屬洲別),""),row(42:42))-1,0),"")} | D43: {=IFERROR(OFFSET('名稱對照'!E$1,SMALL(IF(名稱_所屬洲別="AF",ROW(名稱_所屬洲別),""),row(42:42))-1,0),"")} -> 史瓦濟蘭 Swaziland | E43: {=IFERROR(OFFSET('名稱對照'!E$1,SMALL(IF(名稱_所屬洲別="EU",ROW(名稱_所屬洲別),""),row(42:42))-1,0),"")} | F43: {=IFERROR(OFFSET('名稱對照'!E$1,SMALL(IF(名稱_所屬洲別="WA",ROW(名稱_所屬洲別),""),row(42:42))-1,0),"")} | G43: {=IFERROR(OFFSET('名稱對照'!E$1,SMALL(IF(名稱_所屬洲別="AP",ROW(名稱_所屬洲別),""),row(42:42))-1,0),"")}
B44: {=IFERROR(OFFSET('名稱對照'!E$1,SMALL(IF(名稱_所屬洲別="NA",ROW(名稱_所屬洲別),""),row(43:43))-1,0),"")} | C44: {=IFERROR(OFFSET('名稱對照'!E$1,SMALL(IF(名稱_所屬洲別="SA",ROW(名稱_所屬洲別),""),row(43:43))-1,0),"")} | D44: {=IFERROR(OFFSET('名稱對照'!E$1,SMALL(IF(名稱_所屬洲別="AF",ROW(名稱_所屬洲別),""),row(43:43))-1,0),"")} -> 查德 Chad | E44: {=IFERROR(OFFSET('名稱對照'!E$1,SMALL(IF(名稱_所屬洲別="EU",ROW(名稱_所屬洲別),""),row(43:43))-1,0),"")} | F44: {=IFERROR(OFFSET('名稱對照'!E$1,SMALL(IF(名稱_所屬洲別="WA",ROW(名稱_所屬洲別),""),row(43:43))-1,0),"")} | G44: {=IFERROR(OFFSET('名稱對照'!E$1,SMALL(IF(名稱_所屬洲別="AP",ROW(名稱_所屬洲別),""),row(43:43))-1,0),"")}
B45: {=IFERROR(OFFSET('名稱對照'!E$1,SMALL(IF(名稱_所屬洲別="NA",ROW(名稱_所屬洲別),""),row(44:44))-1,0),"")} | C45: {=IFERROR(OFFSET('名稱對照'!E$1,SMALL(IF(名稱_所屬洲別="SA",ROW(名稱_所屬洲別),""),row(44:44))-1,0),"")} | D45: {=IFERROR(OFFSET('名稱對照'!E$1,SMALL(IF(名稱_所屬洲別="AF",ROW(名稱_所屬洲別),""),row(44:44))-1,0),"")} -> 多哥 Togo | E45: {=IFERROR(OFFSET('名稱對照'!E$1,SMALL(IF(名稱_所屬洲別="EU",ROW(名稱_所屬洲別),""),row(44:44))-1,0),"")} | F45: {=IFERROR(OFFSET('名稱對照'!E$1,SMALL(IF(名稱_所屬洲別="WA",ROW(名稱_所屬洲別),""),row(44:44))-1,0),"")} | G45: {=IFERROR(OFFSET('名稱對照'!E$1,SMALL(IF(名稱_所屬洲別="AP",ROW(名稱_所屬洲別),""),row(44:44))-1,0),"")}
B46: {=IFERROR(OFFSET('名稱對照'!E$1,SMALL(IF(名稱_所屬洲別="NA",ROW(名稱_所屬洲別),""),row(45:45))-1,0),"")} | C46: {=IFERROR(OFFSET('名稱對照'!E$1,SMALL(IF(名稱_所屬洲別="SA",ROW(名稱_所屬洲別),""),row(45:45))-1,0),"")} | D46: {=IFERROR(OFFSET('名稱對照'!E$1,SMALL(IF(名稱_所屬洲別="AF",ROW(名稱_所屬洲別),""),row(45:45))-1,0),"")} -> 突尼西亞 Tunisia | E46: {=IFERROR(OFFSET('名稱對照'!E$1,SMALL(IF(名稱_所屬洲別="EU",ROW(名稱_所屬洲別),""),row(45:45))-1,0),"")} | F46: {=IFERROR(OFFSET('名稱對照'!E$1,SMALL(IF(名稱_所屬洲別="WA",ROW(名稱_所屬洲別),""),row(45:45))-1,0),"")} | G46: {=IFERROR(OFFSET('名稱對照'!E$1,SMALL(IF(名稱_所屬洲別="AP",ROW(名稱_所屬洲別),""),row(45:45))-1,0),"")}
B47: {=IFERROR(OFFSET('名稱對照'!E$1,SMALL(IF(名稱_所屬洲別="NA",ROW(名稱_所屬洲別),""),row(46:46))-1,0),"")} | C47: {=IFERROR(OFFSET('名稱對照'!E$1,SMALL(IF(名稱_所屬洲別="SA",ROW(名稱_所屬洲別),""),row(46:46))-1,0),"")} | D47: {=IFERROR(OFFSET('名稱對照'!E$1,SMALL(IF(名稱_所屬洲別="AF",ROW(名稱_所屬洲別),""),row(46:46))-1,0),"")} -> 坦尚尼亞 United Republic of Tanzania | E47: {=IFERROR(OFFSET('名稱對照'!E$1,SMALL(IF(名稱_所屬洲別="EU",ROW(名稱_所屬洲別),""),row(46:46))-1,0),"")} | F47: {=IFERROR(OFFSET('名稱對照'!E$1,SMALL(IF(名稱_所屬洲別="WA",ROW(名稱_所屬洲別),""),row(46:46))-1,0),"")} | G47: {=IFERROR(OFFSET('名稱對照'!E$1,SMALL(IF(名稱_所屬洲別="AP",ROW(名稱_所屬洲別),""),row(46:46))-1,0),"")}
B48: {=IFERROR(OFFSET('名稱對照'!E$1,SMALL(IF(名稱_所屬洲別="NA",ROW(名稱_所屬洲別),""),row(47:47))-1,0),"")} | C48: {=IFERROR(OFFSET('名稱對照'!E$1,SMALL(IF(名稱_所屬洲別="SA",ROW(名稱_所屬洲別),""),row(47:47))-1,0),"")} | D48: {=IFERROR(OFFSET('名稱對照'!E$1,SMALL(IF(名稱_所屬洲別="AF",ROW(名稱_所屬洲別),""),row(47:47))-1,0),"")} -> 烏干達 Uganda | E48: {=IFERROR(OFFSET('名稱對照'!E$1,SMALL(IF(名稱_所屬洲別="EU",ROW(名稱_所屬洲別),""),row(47:47))-1,0),"")} | F48: {=IFERROR(OFFSET('名稱對照'!E$1,SMALL(IF(名稱_所屬洲別="WA",ROW(名稱_所屬洲別),""),row(47:47))-1,0),"")} | G48: {=IFERROR(OFFSET('名稱對照'!E$1,SMALL(IF(名稱_所屬洲別="AP",ROW(名稱_所屬洲別),""),row(47:47))-1,0),"")}
B49: {=IFERROR(OFFSET('名稱對照'!E$1,SMALL(IF(名稱_所屬洲別="NA",ROW(名稱_所屬洲別),""),row(48:48))-1,0),"")} | C49: {=IFERROR(OFFSET('名稱對照'!E$1,SMALL(IF(名稱_所屬洲別="SA",ROW(名稱_所屬洲別),""),row(48:48))-1,0),"")} | D49: {=IFERROR(OFFSET('名稱對照'!E$1,SMALL(IF(名稱_所屬洲別="AF",ROW(名稱_所屬洲別),""),row(48:48))-1,0),"")} -> 南非 South Africa | E49: {=IFERROR(OFFSET('名稱對照'!E$1,SMALL(IF(名稱_所屬洲別="EU",ROW(名稱_所屬洲別),""),row(48:48))-1,0),"")} | F49: {=IFERROR(OFFSET('名稱對照'!E$1,SMALL(IF(名稱_所屬洲別="WA",ROW(名稱_所屬洲別),""),row(48:48))-1,0),"")} | G49: {=IFERROR(OFFSET('名稱對照'!E$1,SMALL(IF(名稱_所屬洲別="AP",ROW(名稱_所屬洲別),""),row(48:48))-1,0),"")}
B50: {=IFERROR(OFFSET('名稱對照'!E$1,SMALL(IF(名稱_所屬洲別="NA",ROW(名稱_所屬洲別),""),row(49:49))-1,0),"")} | C50: {=IFERROR(OFFSET('名稱對照'!E$1,SMALL(IF(名稱_所屬洲別="SA",ROW(名稱_所屬洲別),""),row(49:49))-1,0),"")} | D50: {=IFERROR(OFFSET('名稱對照'!E$1,SMALL(IF(名稱_所屬洲別="AF",ROW(名稱_所屬洲別),""),row(49:49))-1,0),"")} -> 尚比亞 Zambia | E50: {=IFERROR(OFFSET('名稱對照'!E$1,SMALL(IF(名稱_所屬洲別="EU",ROW(名稱_所屬洲別),""),row(49:49))-1,0),"")} | F50: {=IFERROR(OFFSET('名稱對照'!E$1,SMALL(IF(名稱_所屬洲別="WA",ROW(名稱_所屬洲別),""),row(49:49))-1,0),"")} | G50: {=IFERROR(OFFSET('名稱對照'!E$1,SMALL(IF(名稱_所屬洲別="AP",ROW(名稱_所屬洲別),""),row(49:49))-1,0),"")}
B51: {=IFERROR(OFFSET('名稱對照'!E$1,SMALL(IF(名稱_所屬洲別="NA",ROW(名稱_所屬洲別),""),row(50:50))-1,0),"")} | C51: {=IFERROR(OFFSET('名稱對照'!E$1,SMALL(IF(名稱_所屬洲別="SA",ROW(名稱_所屬洲別),""),row(50:50))-1,0),"")} | D51: {=IFERROR(OFFSET('名稱對照'!E$1,SMALL(IF(名稱_所屬洲別="AF",ROW(名稱_所屬洲別),""),row(50:50))-1,0),"")} -> 辛巴威 Zimbabwe | E51: {=IFERROR(OFFSET('名稱對照'!E$1,SMALL(IF(名稱_所屬洲別="EU",ROW(名稱_所屬洲別),""),row(50:50))-1,0),"")} | F51: {=IFERROR(OFFSET('名稱對照'!E$1,SMALL(IF(名稱_所屬洲別="WA",ROW(名稱_所屬洲別),""),row(50:50))-1,0),"")} | G51: {=IFERROR(OFFSET('名稱對照'!E$1,SMALL(IF(名稱_所屬洲別="AP",ROW(名稱_所屬洲別),""),row(50:50))-1,0),"")}
B52: {=IFERROR(OFFSET('名稱對照'!E$1,SMALL(IF(名稱_所屬洲別="NA",ROW(名稱_所屬洲別),""),row(51:51))-1,0),"")} | C52: {=IFERROR(OFFSET('名稱對照'!E$1,SMALL(IF(名稱_所屬洲別="SA",ROW(名稱_所屬洲別),""),row(51:51))-1,0),"")} | D52: {=IFERROR(OFFSET('名稱對照'!E$1,SMALL(IF(名稱_所屬洲別="AF",ROW(名稱_所屬洲別),""),row(51:51))-1,0),"")} | E52: {=IFERROR(OFFSET('名稱對照'!E$1,SMALL(IF(名稱_所屬洲別="EU",ROW(名稱_所屬洲別),""),row(51:51))-1,0),"")} | F52: {=IFERROR(OFFSET('名稱對照'!E$1,SMALL(IF(名稱_所屬洲別="WA",ROW(名稱_所屬洲別),""),row(51:51))-1,0),"")} | G52: {=IFERROR(OFFSET('名稱對照'!E$1,SMALL(IF(名稱_所屬洲別="AP",ROW(名稱_所屬洲別),""),row(51:51))-1,0),"")}
B53: {=IFERROR(OFFSET('名稱對照'!E$1,SMALL(IF(名稱_所屬洲別="NA",ROW(名稱_所屬洲別),""),row(52:52))-1,0),"")} | C53: {=IFERROR(OFFSET('名稱對照'!E$1,SMALL(IF(名稱_所屬洲別="SA",ROW(名稱_所屬洲別),""),row(52:52))-1,0),"")} | D53: {=IFERROR(OFFSET('名稱對照'!E$1,SMALL(IF(名稱_所屬洲別="AF",ROW(名稱_所屬洲別),""),row(52:52))-1,0),"")} | E53: {=IFERROR(OFFSET('名稱對照'!E$1,SMALL(IF(名稱_所屬洲別="EU",ROW(名稱_所屬洲別),""),row(52:52))-1,0),"")} | F53: {=IFERROR(OFFSET('名稱對照'!E$1,SMALL(IF(名稱_所屬洲別="WA",ROW(名稱_所屬洲別),""),row(52:52))-1,0),"")} | G53: {=IFERROR(OFFSET('名稱對照'!E$1,SMALL(IF(名稱_所屬洲別="AP",ROW(名稱_所屬洲別),""),row(52:52))-1,0),"")}
B54: {=IFERROR(OFFSET('名稱對照'!E$1,SMALL(IF(名稱_所屬洲別="NA",ROW(名稱_所屬洲別),""),row(53:53))-1,0),"")} | C54: {=IFERROR(OFFSET('名稱對照'!E$1,SMALL(IF(名稱_所屬洲別="SA",ROW(名稱_所屬洲別),""),row(53:53))-1,0),"")} | D54: {=IFERROR(OFFSET('名稱對照'!E$1,SMALL(IF(名稱_所屬洲別="AF",ROW(名稱_所屬洲別),""),row(53:53))-1,0),"")} | E54: {=IFERROR(OFFSET('名稱對照'!E$1,SMALL(IF(名稱_所屬洲別="EU",ROW(名稱_所屬洲別),""),row(53:53))-1,0),"")} | F54: {=IFERROR(OFFSET('名稱對照'!E$1,SMALL(IF(名稱_所屬洲別="WA",ROW(名稱_所屬洲別),""),row(53:53))-1,0),"")} | G54: {=IFERROR(OFFSET('名稱對照'!E$1,SMALL(IF(名稱_所屬洲別="AP",ROW(名稱_所屬洲別),""),row(53:53))-1,0),"")}
B55: {=IFERROR(OFFSET('名稱對照'!E$1,SMALL(IF(名稱_所屬洲別="NA",ROW(名稱_所屬洲別),""),row(54:54))-1,0),"")} | C55: {=IFERROR(OFFSET('名稱對照'!E$1,SMALL(IF(名稱_所屬洲別="SA",ROW(名稱_所屬洲別),""),row(54:54))-1,0),"")} | D55: {=IFERROR(OFFSET('名稱對照'!E$1,SMALL(IF(名稱_所屬洲別="AF",ROW(名稱_所屬洲別),""),row(54:54))-1,0),"")} | E55: {=IFERROR(OFFSET('名稱對照'!E$1,SMALL(IF(名稱_所屬洲別="EU",ROW(名稱_所屬洲別),""),row(54:54))-1,0),"")} | F55: {=IFERROR(OFFSET('名稱對照'!E$1,SMALL(IF(名稱_所屬洲別="WA",ROW(名稱_所屬洲別),""),row(54:54))-1,0),"")} | G55: {=IFERROR(OFFSET('名稱對照'!E$1,SMALL(IF(名稱_所屬洲別="AP",ROW(名稱_所屬洲別),""),row(54:54))-1,0),"")}
B56: {=IFERROR(OFFSET('名稱對照'!E$1,SMALL(IF(名稱_所屬洲別="NA",ROW(名稱_所屬洲別),""),row(55:55))-1,0),"")} | C56: {=IFERROR(OFFSET('名稱對照'!E$1,SMALL(IF(名稱_所屬洲別="SA",ROW(名稱_所屬洲別),""),row(55:55))-1,0),"")} | D56: {=IFERROR(OFFSET('名稱對照'!E$1,SMALL(IF(名稱_所屬洲別="AF",ROW(名稱_所屬洲別),""),row(55:55))-1,0),"")} | E56: {=IFERROR(OFFSET('名稱對照'!E$1,SMALL(IF(名稱_所屬洲別="EU",ROW(名稱_所屬洲別),""),row(55:55))-1,0),"")} | F56: {=IFERROR(OFFSET('名稱對照'!E$1,SMALL(IF(名稱_所屬洲別="WA",ROW(名稱_所屬洲別),""),row(55:55))-1,0),"")} | G56: {=IFERROR(OFFSET('名稱對照'!E$1,SMALL(IF(名稱_所屬洲別="AP",ROW(名稱_所屬洲別),""),row(55:55))-1,0),"")}
B57: {=IFERROR(OFFSET('名稱對照'!E$1,SMALL(IF(名稱_所屬洲別="NA",ROW(名稱_所屬洲別),""),row(56:56))-1,0),"")} | C57: {=IFERROR(OFFSET('名稱對照'!E$1,SMALL(IF(名稱_所屬洲別="SA",ROW(名稱_所屬洲別),""),row(56:56))-1,0),"")} | D57: {=IFERROR(OFFSET('名稱對照'!E$1,SMALL(IF(名稱_所屬洲別="AF",ROW(名稱_所屬洲別),""),row(56:56))-1,0),"")} | E57: {=IFERROR(OFFSET('名稱對照'!E$1,SMALL(IF(名稱_所屬洲別="EU",ROW(名稱_所屬洲別),""),row(56:56))-1,0),"")} | F57: {=IFERROR(OFFSET('名稱對照'!E$1,SMALL(IF(名稱_所屬洲別="WA",ROW(名稱_所屬洲別),""),row(56:56))-1,0),"")} | G57: {=IFERROR(OFFSET('名稱對照'!E$1,SMALL(IF(名稱_所屬洲別="AP",ROW(名稱_所屬洲別),""),row(56:56))-1,0),"")}
B58: {=IFERROR(OFFSET('名稱對照'!E$1,SMALL(IF(名稱_所屬洲別="NA",ROW(名稱_所屬洲別),""),row(57:57))-1,0),"")} | C58: {=IFERROR(OFFSET('名稱對照'!E$1,SMALL(IF(名稱_所屬洲別="SA",ROW(名稱_所屬洲別),""),row(57:57))-1,0),"")} | D58: {=IFERROR(OFFSET('名稱對照'!E$1,SMALL(IF(名稱_所屬洲別="AF",ROW(名稱_所屬洲別),""),row(57:57))-1,0),"")} | E58: {=IFERROR(OFFSET('名稱對照'!E$1,SMALL(IF(名稱_所屬洲別="EU",ROW(名稱_所屬洲別),""),row(57:57))-1,0),"")} | F58: {=IFERROR(OFFSET('名稱對照'!E$1,SMALL(IF(名稱_所屬洲別="WA",ROW(名稱_所屬洲別),""),row(57:57))-1,0),"")} | G58: {=IFERROR(OFFSET('名稱對照'!E$1,SMALL(IF(名稱_所屬洲別="AP",ROW(名稱_所屬洲別),""),row(57:57))-1,0),"")}
B59: {=IFERROR(OFFSET('名稱對照'!E$1,SMALL(IF(名稱_所屬洲別="NA",ROW(名稱_所屬洲別),""),row(58:58))-1,0),"")} | C59: {=IFERROR(OFFSET('名稱對照'!E$1,SMALL(IF(名稱_所屬洲別="SA",ROW(名稱_所屬洲別),""),row(58:58))-1,0),"")} | D59: {=IFERROR(OFFSET('名稱對照'!E$1,SMALL(IF(名稱_所屬洲別="AF",ROW(名稱_所屬洲別),""),row(58:58))-1,0),"")} | E59: {=IFERROR(OFFSET('名稱對照'!E$1,SMALL(IF(名稱_所屬洲別="EU",ROW(名稱_所屬洲別),""),row(58:58))-1,0),"")} | F59: {=IFERROR(OFFSET('名稱對照'!E$1,SMALL(IF(名稱_所屬洲別="WA",ROW(名稱_所屬洲別),""),row(58:58))-1,0),"")} | G59: {=IFERROR(OFFSET('名稱對照'!E$1,SMALL(IF(名稱_所屬洲別="AP",ROW(名稱_所屬洲別),""),row(58:58))-1,0),"")}
B60: {=IFERROR(OFFSET('名稱對照'!E$1,SMALL(IF(名稱_所屬洲別="NA",ROW(名稱_所屬洲別),""),row(59:59))-1,0),"")} | C60: {=IFERROR(OFFSET('名稱對照'!E$1,SMALL(IF(名稱_所屬洲別="SA",ROW(名稱_所屬洲別),""),row(59:59))-1,0),"")} | D60: {=IFERROR(OFFSET('名稱對照'!E$1,SMALL(IF(名稱_所屬洲別="AF",ROW(名稱_所屬洲別),""),row(59:59))-1,0),"")} | E60: {=IFERROR(OFFSET('名稱對照'!E$1,SMALL(IF(名稱_所屬洲別="EU",ROW(名稱_所屬洲別),""),row(59:59))-1,0),"")} | F60: {=IFERROR(OFFSET('名稱對照'!E$1,SMALL(IF(名稱_所屬洲別="WA",ROW(名稱_所屬洲別),""),row(59:59))-1,0),"")} | G60: {=IFERROR(OFFSET('名稱對照'!E$1,SMALL(IF(名稱_所屬洲別="AP",ROW(名稱_所屬洲別),""),row(59:59))-1,0),"")}
B61: {=IFERROR(OFFSET('名稱對照'!E$1,SMALL(IF(名稱_所屬洲別="NA",ROW(名稱_所屬洲別),""),row(60:60))-1,0),"")} | C61: {=IFERROR(OFFSET('名稱對照'!E$1,SMALL(IF(名稱_所屬洲別="SA",ROW(名稱_所屬洲別),""),row(60:60))-1,0),"")} | D61: {=IFERROR(OFFSET('名稱對照'!E$1,SMALL(IF(名稱_所屬洲別="AF",ROW(名稱_所屬洲別),""),row(60:60))-1,0),"")} | E61: {=IFERROR(OFFSET('名稱對照'!E$1,SMALL(IF(名稱_所屬洲別="EU",ROW(名稱_所屬洲別),""),row(60:60))-1,0),"")} | F61: {=IFERROR(OFFSET('名稱對照'!E$1,SMALL(IF(名稱_所屬洲別="WA",ROW(名稱_所屬洲別),""),row(60:60))-1,0),"")} | G61: {=IFERROR(OFFSET('名稱對照'!E$1,SMALL(IF(名稱_所屬洲別="AP",ROW(名稱_所屬洲別),""),row(60:60))-1,0),"")}
B62: {=IFERROR(OFFSET('名稱對照'!E$1,SMALL(IF(名稱_所屬洲別="NA",ROW(名稱_所屬洲別),""),row(61:61))-1,0),"")} | C62: {=IFERROR(OFFSET('名稱對照'!E$1,SMALL(IF(名稱_所屬洲別="SA",ROW(名稱_所屬洲別),""),row(61:61))-1,0),"")} | D62: {=IFERROR(OFFSET('名稱對照'!E$1,SMALL(IF(名稱_所屬洲別="AF",ROW(名稱_所屬洲別),""),row(61:61))-1,0),"")} | E62: {=IFERROR(OFFSET('名稱對照'!E$1,SMALL(IF(名稱_所屬洲別="EU",ROW(名稱_所屬洲別),""),row(61:61))-1,0),"")} | F62: {=IFERROR(OFFSET('名稱對照'!E$1,SMALL(IF(名稱_所屬洲別="WA",ROW(名稱_所屬洲別),""),row(61:61))-1,0),"")} | G62: {=IFERROR(OFFSET('名稱對照'!E$1,SMALL(IF(名稱_所屬洲別="AP",ROW(名稱_所屬洲別),""),row(61:61))-1,0),"")}
B63: {=IFERROR(OFFSET('名稱對照'!E$1,SMALL(IF(名稱_所屬洲別="NA",ROW(名稱_所屬洲別),""),row(62:62))-1,0),"")} | C63: {=IFERROR(OFFSET('名稱對照'!E$1,SMALL(IF(名稱_所屬洲別="SA",ROW(名稱_所屬洲別),""),row(62:62))-1,0),"")} | D63: {=IFERROR(OFFSET('名稱對照'!E$1,SMALL(IF(名稱_所屬洲別="AF",ROW(名稱_所屬洲別),""),row(62:62))-1,0),"")} | E63: {=IFERROR(OFFSET('名稱對照'!E$1,SMALL(IF(名稱_所屬洲別="EU",ROW(名稱_所屬洲別),""),row(62:62))-1,0),"")} | F63: {=IFERROR(OFFSET('名稱對照'!E$1,SMALL(IF(名稱_所屬洲別="WA",ROW(名稱_所屬洲別),""),row(62:62))-1,0),"")} | G63: {=IFERROR(OFFSET('名稱對照'!E$1,SMALL(IF(名稱_所屬洲別="AP",ROW(名稱_所屬洲別),""),row(62:62))-1,0),"")}
B64: {=IFERROR(OFFSET('名稱對照'!E$1,SMALL(IF(名稱_所屬洲別="NA",ROW(名稱_所屬洲別),""),row(63:63))-1,0),"")} | C64: {=IFERROR(OFFSET('名稱對照'!E$1,SMALL(IF(名稱_所屬洲別="SA",ROW(名稱_所屬洲別),""),row(63:63))-1,0),"")} | D64: {=IFERROR(OFFSET('名稱對照'!E$1,SMALL(IF(名稱_所屬洲別="AF",ROW(名稱_所屬洲別),""),row(63:63))-1,0),"")} | E64: {=IFERROR(OFFSET('名稱對照'!E$1,SMALL(IF(名稱_所屬洲別="EU",ROW(名稱_所屬洲別),""),row(63:63))-1,0),"")} | F64: {=IFERROR(OFFSET('名稱對照'!E$1,SMALL(IF(名稱_所屬洲別="WA",ROW(名稱_所屬洲別),""),row(63:63))-1,0),"")} | G64: {=IFERROR(OFFSET('名稱對照'!E$1,SMALL(IF(名稱_所屬洲別="AP",ROW(名稱_所屬洲別),""),row(63:63))-1,0),"")}
B65: {=IFERROR(OFFSET('名稱對照'!E$1,SMALL(IF(名稱_所屬洲別="NA",ROW(名稱_所屬洲別),""),row(64:64))-1,0),"")} | C65: {=IFERROR(OFFSET('名稱對照'!E$1,SMALL(IF(名稱_所屬洲別="SA",ROW(名稱_所屬洲別),""),row(64:64))-1,0),"")} | D65: {=IFERROR(OFFSET('名稱對照'!E$1,SMALL(IF(名稱_所屬洲別="AF",ROW(名稱_所屬洲別),""),row(64:64))-1,0),"")} | E65: {=IFERROR(OFFSET('名稱對照'!E$1,SMALL(IF(名稱_所屬洲別="EU",ROW(名稱_所屬洲別),""),row(64:64))-1,0),"")} | F65: {=IFERROR(OFFSET('名稱對照'!E$1,SMALL(IF(名稱_所屬洲別="WA",ROW(名稱_所屬洲別),""),row(64:64))-1,0),"")} | G65: {=IFERROR(OFFSET('名稱對照'!E$1,SMALL(IF(名稱_所屬洲別="AP",ROW(名稱_所屬洲別),""),row(64:64))-1,0),"")}
B66: {=IFERROR(OFFSET('名稱對照'!E$1,SMALL(IF(名稱_所屬洲別="NA",ROW(名稱_所屬洲別),""),row(65:65))-1,0),"")} | C66: {=IFERROR(OFFSET('名稱對照'!E$1,SMALL(IF(名稱_所屬洲別="SA",ROW(名稱_所屬洲別),""),row(65:65))-1,0),"")} | D66: {=IFERROR(OFFSET('名稱對照'!E$1,SMALL(IF(名稱_所屬洲別="AF",ROW(名稱_所屬洲別),""),row(65:65))-1,0),"")} | E66: {=IFERROR(OFFSET('名稱對照'!E$1,SMALL(IF(名稱_所屬洲別="EU",ROW(名稱_所屬洲別),""),row(65:65))-1,0),"")} | F66: {=IFERROR(OFFSET('名稱對照'!E$1,SMALL(IF(名稱_所屬洲別="WA",ROW(名稱_所屬洲別),""),row(65:65))-1,0),"")} | G66: {=IFERROR(OFFSET('名稱對照'!E$1,SMALL(IF(名稱_所屬洲別="AP",ROW(名稱_所屬洲別),""),row(65:65))-1,0),"")}
B67: {=IFERROR(OFFSET('名稱對照'!E$1,SMALL(IF(名稱_所屬洲別="NA",ROW(名稱_所屬洲別),""),row(66:66))-1,0),"")} | C67: {=IFERROR(OFFSET('名稱對照'!E$1,SMALL(IF(名稱_所屬洲別="SA",ROW(名稱_所屬洲別),""),row(66:66))-1,0),"")} | D67: {=IFERROR(OFFSET('名稱對照'!E$1,SMALL(IF(名稱_所屬洲別="AF",ROW(名稱_所屬洲別),""),row(66:66))-1,0),"")} | E67: {=IFERROR(OFFSET('名稱對照'!E$1,SMALL(IF(名稱_所屬洲別="EU",ROW(名稱_所屬洲別),""),row(66:66))-1,0),"")} | F67: {=IFERROR(OFFSET('名稱對照'!E$1,SMALL(IF(名稱_所屬洲別="WA",ROW(名稱_所屬洲別),""),row(66:66))-1,0),"")} | G67: {=IFERROR(OFFSET('名稱對照'!E$1,SMALL(IF(名稱_所屬洲別="AP",ROW(名稱_所屬洲別),""),row(66:66))-1,0),"")}
B68: {=IFERROR(OFFSET('名稱對照'!E$1,SMALL(IF(名稱_所屬洲別="NA",ROW(名稱_所屬洲別),""),row(67:67))-1,0),"")} | C68: {=IFERROR(OFFSET('名稱對照'!E$1,SMALL(IF(名稱_所屬洲別="SA",ROW(名稱_所屬洲別),""),row(67:67))-1,0),"")} | D68: {=IFERROR(OFFSET('名稱對照'!E$1,SMALL(IF(名稱_所屬洲別="AF",ROW(名稱_所屬洲別),""),row(67:67))-1,0),"")} | E68: {=IFERROR(OFFSET('名稱對照'!E$1,SMALL(IF(名稱_所屬洲別="EU",ROW(名稱_所屬洲別),""),row(67:67))-1,0),"")} | F68: {=IFERROR(OFFSET('名稱對照'!E$1,SMALL(IF(名稱_所屬洲別="WA",ROW(名稱_所屬洲別),""),row(67:67))-1,0),"")} | G68: {=IFERROR(OFFSET('名稱對照'!E$1,SMALL(IF(名稱_所屬洲別="AP",ROW(名稱_所屬洲別),""),row(67:67))-1,0),"")}
B69: {=IFERROR(OFFSET('名稱對照'!E$1,SMALL(IF(名稱_所屬洲別="NA",ROW(名稱_所屬洲別),""),row(68:68))-1,0),"")} | C69: {=IFERROR(OFFSET('名稱對照'!E$1,SMALL(IF(名稱_所屬洲別="SA",ROW(名稱_所屬洲別),""),row(68:68))-1,0),"")} | D69: {=IFERROR(OFFSET('名稱對照'!E$1,SMALL(IF(名稱_所屬洲別="AF",ROW(名稱_所屬洲別),""),row(68:68))-1,0),"")} | E69: {=IFERROR(OFFSET('名稱對照'!E$1,SMALL(IF(名稱_所屬洲別="EU",ROW(名稱_所屬洲別),""),row(68:68))-1,0),"")} | F69: {=IFERROR(OFFSET('名稱對照'!E$1,SMALL(IF(名稱_所屬洲別="WA",ROW(名稱_所屬洲別),""),row(68:68))-1,0),"")} | G69: {=IFERROR(OFFSET('名稱對照'!E$1,SMALL(IF(名稱_所屬洲別="AP",ROW(名稱_所屬洲別),""),row(68:68))-1,0),"")}
B70: {=IFERROR(OFFSET('名稱對照'!E$1,SMALL(IF(名稱_所屬洲別="NA",ROW(名稱_所屬洲別),""),row(69:69))-1,0),"")} | C70: {=IFERROR(OFFSET('名稱對照'!E$1,SMALL(IF(名稱_所屬洲別="SA",ROW(名稱_所屬洲別),""),row(69:69))-1,0),"")} | D70: {=IFERROR(OFFSET('名稱對照'!E$1,SMALL(IF(名稱_所屬洲別="AF",ROW(名稱_所屬洲別),""),row(69:69))-1,0),"")} | E70: {=IFERROR(OFFSET('名稱對照'!E$1,SMALL(IF(名稱_所屬洲別="EU",ROW(名稱_所屬洲別),""),row(69:69))-1,0),"")} | F70: {=IFERROR(OFFSET('名稱對照'!E$1,SMALL(IF(名稱_所屬洲別="WA",ROW(名稱_所屬洲別),""),row(69:69))-1,0),"")} | G70: {=IFERROR(OFFSET('名稱對照'!E$1,SMALL(IF(名稱_所屬洲別="AP",ROW(名稱_所屬洲別),""),row(69:69))-1,0),"")}
B71: {=IFERROR(OFFSET('名稱對照'!E$1,SMALL(IF(名稱_所屬洲別="NA",ROW(名稱_所屬洲別),""),row(70:70))-1,0),"")} | C71: {=IFERROR(OFFSET('名稱對照'!E$1,SMALL(IF(名稱_所屬洲別="SA",ROW(名稱_所屬洲別),""),row(70:70))-1,0),"")} | D71: {=IFERROR(OFFSET('名稱對照'!E$1,SMALL(IF(名稱_所屬洲別="AF",ROW(名稱_所屬洲別),""),row(70:70))-1,0),"")} | E71: {=IFERROR(OFFSET('名稱對照'!E$1,SMALL(IF(名稱_所屬洲別="EU",ROW(名稱_所屬洲別),""),row(70:70))-1,0),"")} | F71: {=IFERROR(OFFSET('名稱對照'!E$1,SMALL(IF(名稱_所屬洲別="WA",ROW(名稱_所屬洲別),""),row(70:70))-1,0),"")} | G71: {=IFERROR(OFFSET('名稱對照'!E$1,SMALL(IF(名稱_所屬洲別="AP",ROW(名稱_所屬洲別),""),row(70:70))-1,0),"")}
B72: {=IFERROR(OFFSET('名稱對照'!E$1,SMALL(IF(名稱_所屬洲別="NA",ROW(名稱_所屬洲別),""),row(71:71))-1,0),"")} | C72: {=IFERROR(OFFSET('名稱對照'!E$1,SMALL(IF(名稱_所屬洲別="SA",ROW(名稱_所屬洲別),""),row(71:71))-1,0),"")} | D72: {=IFERROR(OFFSET('名稱對照'!E$1,SMALL(IF(名稱_所屬洲別="AF",ROW(名稱_所屬洲別),""),row(71:71))-1,0),"")} | E72: {=IFERROR(OFFSET('名稱對照'!E$1,SMALL(IF(名稱_所屬洲別="EU",ROW(名稱_所屬洲別),""),row(71:71))-1,0),"")} | F72: {=IFERROR(OFFSET('名稱對照'!E$1,SMALL(IF(名稱_所屬洲別="WA",ROW(名稱_所屬洲別),""),row(71:71))-1,0),"")} | G72: {=IFERROR(OFFSET('名稱對照'!E$1,SMALL(IF(名稱_所屬洲別="AP",ROW(名稱_所屬洲別),""),row(71:71))-1,0),"")}
B73: {=IFERROR(OFFSET('名稱對照'!E$1,SMALL(IF(名稱_所屬洲別="NA",ROW(名稱_所屬洲別),""),row(72:72))-1,0),"")} | C73: {=IFERROR(OFFSET('名稱對照'!E$1,SMALL(IF(名稱_所屬洲別="SA",ROW(名稱_所屬洲別),""),row(72:72))-1,0),"")} | D73: {=IFERROR(OFFSET('名稱對照'!E$1,SMALL(IF(名稱_所屬洲別="AF",ROW(名稱_所屬洲別),""),row(72:72))-1,0),"")} | E73: {=IFERROR(OFFSET('名稱對照'!E$1,SMALL(IF(名稱_所屬洲別="EU",ROW(名稱_所屬洲別),""),row(72:72))-1,0),"")} | F73: {=IFERROR(OFFSET('名稱對照'!E$1,SMALL(IF(名稱_所屬洲別="WA",ROW(名稱_所屬洲別),""),row(72:72))-1,0),"")} | G73: {=IFERROR(OFFSET('名稱對照'!E$1,SMALL(IF(名稱_所屬洲別="AP",ROW(名稱_所屬洲別),""),row(72:72))-1,0),"")}
B74: {=IFERROR(OFFSET('名稱對照'!E$1,SMALL(IF(名稱_所屬洲別="NA",ROW(名稱_所屬洲別),""),row(73:73))-1,0),"")} | C74: {=IFERROR(OFFSET('名稱對照'!E$1,SMALL(IF(名稱_所屬洲別="SA",ROW(名稱_所屬洲別),""),row(73:73))-1,0),"")} | D74: {=IFERROR(OFFSET('名稱對照'!E$1,SMALL(IF(名稱_所屬洲別="AF",ROW(名稱_所屬洲別),""),row(73:73))-1,0),"")} | E74: {=IFERROR(OFFSET('名稱對照'!E$1,SMALL(IF(名稱_所屬洲別="EU",ROW(名稱_所屬洲別),""),row(73:73))-1,0),"")} | F74: {=IFERROR(OFFSET('名稱對照'!E$1,SMALL(IF(名稱_所屬洲別="WA",ROW(名稱_所屬洲別),""),row(73:73))-1,0),"")} | G74: {=IFERROR(OFFSET('名稱對照'!E$1,SMALL(IF(名稱_所屬洲別="AP",ROW(名稱_所屬洲別),""),row(73:73))-1,0),"")}
B75: {=IFERROR(OFFSET('名稱對照'!E$1,SMALL(IF(名稱_所屬洲別="NA",ROW(名稱_所屬洲別),""),row(74:74))-1,0),"")} | C75: {=IFERROR(OFFSET('名稱對照'!E$1,SMALL(IF(名稱_所屬洲別="SA",ROW(名稱_所屬洲別),""),row(74:74))-1,0),"")} | D75: {=IFERROR(OFFSET('名稱對照'!E$1,SMALL(IF(名稱_所屬洲別="AF",ROW(名稱_所屬洲別),""),row(74:74))-1,0),"")} | E75: {=IFERROR(OFFSET('名稱對照'!E$1,SMALL(IF(名稱_所屬洲別="EU",ROW(名稱_所屬洲別),""),row(74:74))-1,0),"")} | F75: {=IFERROR(OFFSET('名稱對照'!E$1,SMALL(IF(名稱_所屬洲別="WA",ROW(名稱_所屬洲別),""),row(74:74))-1,0),"")} | G75: {=IFERROR(OFFSET('名稱對照'!E$1,SMALL(IF(名稱_所屬洲別="AP",ROW(名稱_所屬洲別),""),row(74:74))-1,0),"")}
B76: {=IFERROR(OFFSET('名稱對照'!E$1,SMALL(IF(名稱_所屬洲別="NA",ROW(名稱_所屬洲別),""),row(75:75))-1,0),"")} | C76: {=IFERROR(OFFSET('名稱對照'!E$1,SMALL(IF(名稱_所屬洲別="SA",ROW(名稱_所屬洲別),""),row(75:75))-1,0),"")} | D76: {=IFERROR(OFFSET('名稱對照'!E$1,SMALL(IF(名稱_所屬洲別="AF",ROW(名稱_所屬洲別),""),row(75:75))-1,0),"")} | E76: {=IFERROR(OFFSET('名稱對照'!E$1,SMALL(IF(名稱_所屬洲別="EU",ROW(名稱_所屬洲別),""),row(75:75))-1,0),"")} | F76: {=IFERROR(OFFSET('名稱對照'!E$1,SMALL(IF(名稱_所屬洲別="WA",ROW(名稱_所屬洲別),""),row(75:75))-1,0),"")} | G76: {=IFERROR(OFFSET('名稱對照'!E$1,SMALL(IF(名稱_所屬洲別="AP",ROW(名稱_所屬洲別),""),row(75:75))-1,0),"")}
B77: {=IFERROR(OFFSET('名稱對照'!E$1,SMALL(IF(名稱_所屬洲別="NA",ROW(名稱_所屬洲別),""),row(76:76))-1,0),"")} | C77: {=IFERROR(OFFSET('名稱對照'!E$1,SMALL(IF(名稱_所屬洲別="SA",ROW(名稱_所屬洲別),""),row(76:76))-1,0),"")} | D77: {=IFERROR(OFFSET('名稱對照'!E$1,SMALL(IF(名稱_所屬洲別="AF",ROW(名稱_所屬洲別),""),row(76:76))-1,0),"")} | E77: {=IFERROR(OFFSET('名稱對照'!E$1,SMALL(IF(名稱_所屬洲別="EU",ROW(名稱_所屬洲別),""),row(76:76))-1,0),"")} | F77: {=IFERROR(OFFSET('名稱對照'!E$1,SMALL(IF(名稱_所屬洲別="WA",ROW(名稱_所屬洲別),""),row(76:76))-1,0),"")} | G77: {=IFERROR(OFFSET('名稱對照'!E$1,SMALL(IF(名稱_所屬洲別="AP",ROW(名稱_所屬洲別),""),row(76:76))-1,0),"")}
B78: {=IFERROR(OFFSET('名稱對照'!E$1,SMALL(IF(名稱_所屬洲別="NA",ROW(名稱_所屬洲別),""),row(77:77))-1,0),"")} | C78: {=IFERROR(OFFSET('名稱對照'!E$1,SMALL(IF(名稱_所屬洲別="SA",ROW(名稱_所屬洲別),""),row(77:77))-1,0),"")} | D78: {=IFERROR(OFFSET('名稱對照'!E$1,SMALL(IF(名稱_所屬洲別="AF",ROW(名稱_所屬洲別),""),row(77:77))-1,0),"")} | E78: {=IFERROR(OFFSET('名稱對照'!E$1,SMALL(IF(名稱_所屬洲別="EU",ROW(名稱_所屬洲別),""),row(77:77))-1,0),"")} | F78: {=IFERROR(OFFSET('名稱對照'!E$1,SMALL(IF(名稱_所屬洲別="WA",ROW(名稱_所屬洲別),""),row(77:77))-1,0),"")} | G78: {=IFERROR(OFFSET('名稱對照'!E$1,SMALL(IF(名稱_所屬洲別="AP",ROW(名稱_所屬洲別),""),row(77:77))-1,0),"")}
B79: {=IFERROR(OFFSET('名稱對照'!E$1,SMALL(IF(名稱_所屬洲別="NA",ROW(名稱_所屬洲別),""),row(78:78))-1,0),"")} | C79: {=IFERROR(OFFSET('名稱對照'!E$1,SMALL(IF(名稱_所屬洲別="SA",ROW(名稱_所屬洲別),""),row(78:78))-1,0),"")} | D79: {=IFERROR(OFFSET('名稱對照'!E$1,SMALL(IF(名稱_所屬洲別="AF",ROW(名稱_所屬洲別),""),row(78:78))-1,0),"")} | E79: {=IFERROR(OFFSET('名稱對照'!E$1,SMALL(IF(名稱_所屬洲別="EU",ROW(名稱_所屬洲別),""),row(78:78))-1,0),"")} | F79: {=IFERROR(OFFSET('名稱對照'!E$1,SMALL(IF(名稱_所屬洲別="WA",ROW(名稱_所屬洲別),""),row(78:78))-1,0),"")} | G79: {=IFERROR(OFFSET('名稱對照'!E$1,SMALL(IF(名稱_所屬洲別="AP",ROW(名稱_所屬洲別),""),row(78:78))-1,0),"")}
B80: {=IFERROR(OFFSET('名稱對照'!E$1,SMALL(IF(名稱_所屬洲別="NA",ROW(名稱_所屬洲別),""),row(79:79))-1,0),"")} | C80: {=IFERROR(OFFSET('名稱對照'!E$1,SMALL(IF(名稱_所屬洲別="SA",ROW(名稱_所屬洲別),""),row(79:79))-1,0),"")} | D80: {=IFERROR(OFFSET('名稱對照'!E$1,SMALL(IF(名稱_所屬洲別="AF",ROW(名稱_所屬洲別),""),row(79:79))-1,0),"")} | E80: {=IFERROR(OFFSET('名稱對照'!E$1,SMALL(IF(名稱_所屬洲別="EU",ROW(名稱_所屬洲別),""),row(79:79))-1,0),"")} | F80: {=IFERROR(OFFSET('名稱對照'!E$1,SMALL(IF(名稱_所屬洲別="WA",ROW(名稱_所屬洲別),""),row(79:79))-1,0),"")} | G80: {=IFERROR(OFFSET('名稱對照'!E$1,SMALL(IF(名稱_所屬洲別="AP",ROW(名稱_所屬洲別),""),row(79:79))-1,0),"")}
B81: {=IFERROR(OFFSET('名稱對照'!E$1,SMALL(IF(名稱_所屬洲別="NA",ROW(名稱_所屬洲別),""),row(80:80))-1,0),"")} | C81: {=IFERROR(OFFSET('名稱對照'!E$1,SMALL(IF(名稱_所屬洲別="SA",ROW(名稱_所屬洲別),""),row(80:80))-1,0),"")} | D81: {=IFERROR(OFFSET('名稱對照'!E$1,SMALL(IF(名稱_所屬洲別="AF",ROW(名稱_所屬洲別),""),row(80:80))-1,0),"")} | E81: {=IFERROR(OFFSET('名稱對照'!E$1,SMALL(IF(名稱_所屬洲別="EU",ROW(名稱_所屬洲別),""),row(80:80))-1,0),"")} | F81: {=IFERROR(OFFSET('名稱對照'!E$1,SMALL(IF(名稱_所屬洲別="WA",ROW(名稱_所屬洲別),""),row(80:80))-1,0),"")} | G81: {=IFERROR(OFFSET('名稱對照'!E$1,SMALL(IF(名稱_所屬洲別="AP",ROW(名稱_所屬洲別),""),row(80:80))-1,0),"")}
B82: {=IFERROR(OFFSET('名稱對照'!E$1,SMALL(IF(名稱_所屬洲別="NA",ROW(名稱_所屬洲別),""),row(81:81))-1,0),"")} | C82: {=IFERROR(OFFSET('名稱對照'!E$1,SMALL(IF(名稱_所屬洲別="SA",ROW(名稱_所屬洲別),""),row(81:81))-1,0),"")} | D82: {=IFERROR(OFFSET('名稱對照'!E$1,SMALL(IF(名稱_所屬洲別="AF",ROW(名稱_所屬洲別),""),row(81:81))-1,0),"")} | E82: {=IFERROR(OFFSET('名稱對照'!E$1,SMALL(IF(名稱_所屬洲別="EU",ROW(名稱_所屬洲別),""),row(81:81))-1,0),"")} | F82: {=IFERROR(OFFSET('名稱對照'!E$1,SMALL(IF(名稱_所屬洲別="WA",ROW(名稱_所屬洲別),""),row(81:81))-1,0),"")} | G82: {=IFERROR(OFFSET('名稱對照'!E$1,SMALL(IF(名稱_所屬洲別="AP",ROW(名稱_所屬洲別),""),row(81:81))-1,0),"")}
B83: {=IFERROR(OFFSET('名稱對照'!E$1,SMALL(IF(名稱_所屬洲別="NA",ROW(名稱_所屬洲別),""),row(82:82))-1,0),"")} | C83: {=IFERROR(OFFSET('名稱對照'!E$1,SMALL(IF(名稱_所屬洲別="SA",ROW(名稱_所屬洲別),""),row(82:82))-1,0),"")} | D83: {=IFERROR(OFFSET('名稱對照'!E$1,SMALL(IF(名稱_所屬洲別="AF",ROW(名稱_所屬洲別),""),row(82:82))-1,0),"")} | E83: {=IFERROR(OFFSET('名稱對照'!E$1,SMALL(IF(名稱_所屬洲別="EU",ROW(名稱_所屬洲別),""),row(82:82))-1,0),"")} | F83: {=IFERROR(OFFSET('名稱對照'!E$1,SMALL(IF(名稱_所屬洲別="WA",ROW(名稱_所屬洲別),""),row(82:82))-1,0),"")} | G83: {=IFERROR(OFFSET('名稱對照'!E$1,SMALL(IF(名稱_所屬洲別="AP",ROW(名稱_所屬洲別),""),row(82:82))-1,0),"")}
B84: {=IFERROR(OFFSET('名稱對照'!E$1,SMALL(IF(名稱_所屬洲別="NA",ROW(名稱_所屬洲別),""),row(83:83))-1,0),"")} | C84: {=IFERROR(OFFSET('名稱對照'!E$1,SMALL(IF(名稱_所屬洲別="SA",ROW(名稱_所屬洲別),""),row(83:83))-1,0),"")} | D84: {=IFERROR(OFFSET('名稱對照'!E$1,SMALL(IF(名稱_所屬洲別="AF",ROW(名稱_所屬洲別),""),row(83:83))-1,0),"")} | E84: {=IFERROR(OFFSET('名稱對照'!E$1,SMALL(IF(名稱_所屬洲別="EU",ROW(名稱_所屬洲別),""),row(83:83))-1,0),"")} | F84: {=IFERROR(OFFSET('名稱對照'!E$1,SMALL(IF(名稱_所屬洲別="WA",ROW(名稱_所屬洲別),""),row(83:83))-1,0),"")} | G84: {=IFERROR(OFFSET('名稱對照'!E$1,SMALL(IF(名稱_所屬洲別="AP",ROW(名稱_所屬洲別),""),row(83:83))-1,0),"")}
B85: {=IFERROR(OFFSET('名稱對照'!E$1,SMALL(IF(名稱_所屬洲別="NA",ROW(名稱_所屬洲別),""),row(84:84))-1,0),"")} | C85: {=IFERROR(OFFSET('名稱對照'!E$1,SMALL(IF(名稱_所屬洲別="SA",ROW(名稱_所屬洲別),""),row(84:84))-1,0),"")} | D85: {=IFERROR(OFFSET('名稱對照'!E$1,SMALL(IF(名稱_所屬洲別="AF",ROW(名稱_所屬洲別),""),row(84:84))-1,0),"")} | E85: {=IFERROR(OFFSET('名稱對照'!E$1,SMALL(IF(名稱_所屬洲別="EU",ROW(名稱_所屬洲別),""),row(84:84))-1,0),"")} | F85: {=IFERROR(OFFSET('名稱對照'!E$1,SMALL(IF(名稱_所屬洲別="WA",ROW(名稱_所屬洲別),""),row(84:84))-1,0),"")} | G85: {=IFERROR(OFFSET('名稱對照'!E$1,SMALL(IF(名稱_所屬洲別="AP",ROW(名稱_所屬洲別),""),row(84:84))-1,0),"")}
B86: {=IFERROR(OFFSET('名稱對照'!E$1,SMALL(IF(名稱_所屬洲別="NA",ROW(名稱_所屬洲別),""),row(85:85))-1,0),"")} | C86: {=IFERROR(OFFSET('名稱對照'!E$1,SMALL(IF(名稱_所屬洲別="SA",ROW(名稱_所屬洲別),""),row(85:85))-1,0),"")} | D86: {=IFERROR(OFFSET('名稱對照'!E$1,SMALL(IF(名稱_所屬洲別="AF",ROW(名稱_所屬洲別),""),row(85:85))-1,0),"")} | E86: {=IFERROR(OFFSET('名稱對照'!E$1,SMALL(IF(名稱_所屬洲別="EU",ROW(名稱_所屬洲別),""),row(85:85))-1,0),"")} | F86: {=IFERROR(OFFSET('名稱對照'!E$1,SMALL(IF(名稱_所屬洲別="WA",ROW(名稱_所屬洲別),""),row(85:85))-1,0),"")} | G86: {=IFERROR(OFFSET('名稱對照'!E$1,SMALL(IF(名稱_所屬洲別="AP",ROW(名稱_所屬洲別),""),row(85:85))-1,0),"")}
B87: {=IFERROR(OFFSET('名稱對照'!E$1,SMALL(IF(名稱_所屬洲別="NA",ROW(名稱_所屬洲別),""),row(86:86))-1,0),"")} | C87: {=IFERROR(OFFSET('名稱對照'!E$1,SMALL(IF(名稱_所屬洲別="SA",ROW(名稱_所屬洲別),""),row(86:86))-1,0),"")} | D87: {=IFERROR(OFFSET('名稱對照'!E$1,SMALL(IF(名稱_所屬洲別="AF",ROW(名稱_所屬洲別),""),row(86:86))-1,0),"")} | E87: {=IFERROR(OFFSET('名稱對照'!E$1,SMALL(IF(名稱_所屬洲別="EU",ROW(名稱_所屬洲別),""),row(86:86))-1,0),"")} | F87: {=IFERROR(OFFSET('名稱對照'!E$1,SMALL(IF(名稱_所屬洲別="WA",ROW(名稱_所屬洲別),""),row(86:86))-1,0),"")} | G87: {=IFERROR(OFFSET('名稱對照'!E$1,SMALL(IF(名稱_所屬洲別="AP",ROW(名稱_所屬洲別),""),row(86:86))-1,0),"")}
B88: {=IFERROR(OFFSET('名稱對照'!E$1,SMALL(IF(名稱_所屬洲別="NA",ROW(名稱_所屬洲別),""),row(87:87))-1,0),"")} | C88: {=IFERROR(OFFSET('名稱對照'!E$1,SMALL(IF(名稱_所屬洲別="SA",ROW(名稱_所屬洲別),""),row(87:87))-1,0),"")} | D88: {=IFERROR(OFFSET('名稱對照'!E$1,SMALL(IF(名稱_所屬洲別="AF",ROW(名稱_所屬洲別),""),row(87:87))-1,0),"")} | E88: {=IFERROR(OFFSET('名稱對照'!E$1,SMALL(IF(名稱_所屬洲別="EU",ROW(名稱_所屬洲別),""),row(87:87))-1,0),"")} | F88: {=IFERROR(OFFSET('名稱對照'!E$1,SMALL(IF(名稱_所屬洲別="WA",ROW(名稱_所屬洲別),""),row(87:87))-1,0),"")} | G88: {=IFERROR(OFFSET('名稱對照'!E$1,SMALL(IF(名稱_所屬洲別="AP",ROW(名稱_所屬洲別),""),row(87:87))-1,0),"")}
B89: {=IFERROR(OFFSET('名稱對照'!E$1,SMALL(IF(名稱_所屬洲別="NA",ROW(名稱_所屬洲別),""),row(88:88))-1,0),"")} | C89: {=IFERROR(OFFSET('名稱對照'!E$1,SMALL(IF(名稱_所屬洲別="SA",ROW(名稱_所屬洲別),""),row(88:88))-1,0),"")} | D89: {=IFERROR(OFFSET('名稱對照'!E$1,SMALL(IF(名稱_所屬洲別="AF",ROW(名稱_所屬洲別),""),row(88:88))-1,0),"")} | E89: {=IFERROR(OFFSET('名稱對照'!E$1,SMALL(IF(名稱_所屬洲別="EU",ROW(名稱_所屬洲別),""),row(88:88))-1,0),"")} | F89: {=IFERROR(OFFSET('名稱對照'!E$1,SMALL(IF(名稱_所屬洲別="WA",ROW(名稱_所屬洲別),""),row(88:88))-1,0),"")} | G89: {=IFERROR(OFFSET('名稱對照'!E$1,SMALL(IF(名稱_所屬洲別="AP",ROW(名稱_所屬洲別),""),row(88:88))-1,0),"")}
B90: {=IFERROR(OFFSET('名稱對照'!E$1,SMALL(IF(名稱_所屬洲別="NA",ROW(名稱_所屬洲別),""),row(89:89))-1,0),"")} | C90: {=IFERROR(OFFSET('名稱對照'!E$1,SMALL(IF(名稱_所屬洲別="SA",ROW(名稱_所屬洲別),""),row(89:89))-1,0),"")} | D90: {=IFERROR(OFFSET('名稱對照'!E$1,SMALL(IF(名稱_所屬洲別="AF",ROW(名稱_所屬洲別),""),row(89:89))-1,0),"")} | E90: {=IFERROR(OFFSET('名稱對照'!E$1,SMALL(IF(名稱_所屬洲別="EU",ROW(名稱_所屬洲別),""),row(89:89))-1,0),"")} | F90: {=IFERROR(OFFSET('名稱對照'!E$1,SMALL(IF(名稱_所屬洲別="WA",ROW(名稱_所屬洲別),""),row(89:89))-1,0),"")} | G90: {=IFERROR(OFFSET('名稱對照'!E$1,SMALL(IF(名稱_所屬洲別="AP",ROW(名稱_所屬洲別),""),row(89:89))-1,0),"")}
B91: {=IFERROR(OFFSET('名稱對照'!E$1,SMALL(IF(名稱_所屬洲別="NA",ROW(名稱_所屬洲別),""),row(90:90))-1,0),"")} | C91: {=IFERROR(OFFSET('名稱對照'!E$1,SMALL(IF(名稱_所屬洲別="SA",ROW(名稱_所屬洲別),""),row(90:90))-1,0),"")} | D91: {=IFERROR(OFFSET('名稱對照'!E$1,SMALL(IF(名稱_所屬洲別="AF",ROW(名稱_所屬洲別),""),row(90:90))-1,0),"")} | E91: {=IFERROR(OFFSET('名稱對照'!E$1,SMALL(IF(名稱_所屬洲別="EU",ROW(名稱_所屬洲別),""),row(90:90))-1,0),"")} | F91: {=IFERROR(OFFSET('名稱對照'!E$1,SMALL(IF(名稱_所屬洲別="WA",ROW(名稱_所屬洲別),""),row(90:90))-1,0),"")} | G91: {=IFERROR(OFFSET('名稱對照'!E$1,SMALL(IF(名稱_所屬洲別="AP",ROW(名稱_所屬洲別),""),row(90:90))-1,0),"")}
B92: {=IFERROR(OFFSET('名稱對照'!E$1,SMALL(IF(名稱_所屬洲別="NA",ROW(名稱_所屬洲別),""),row(91:91))-1,0),"")} | C92: {=IFERROR(OFFSET('名稱對照'!E$1,SMALL(IF(名稱_所屬洲別="SA",ROW(名稱_所屬洲別),""),row(91:91))-1,0),"")} | D92: {=IFERROR(OFFSET('名稱對照'!E$1,SMALL(IF(名稱_所屬洲別="AF",ROW(名稱_所屬洲別),""),row(91:91))-1,0),"")} | E92: {=IFERROR(OFFSET('名稱對照'!E$1,SMALL(IF(名稱_所屬洲別="EU",ROW(名稱_所屬洲別),""),row(91:91))-1,0),"")} | F92: {=IFERROR(OFFSET('名稱對照'!E$1,SMALL(IF(名稱_所屬洲別="WA",ROW(名稱_所屬洲別),""),row(91:91))-1,0),"")} | G92: {=IFERROR(OFFSET('名稱對照'!E$1,SMALL(IF(名稱_所屬洲別="AP",ROW(名稱_所屬洲別),""),row(91:91))-1,0),"")}
B93: {=IFERROR(OFFSET('名稱對照'!E$1,SMALL(IF(名稱_所屬洲別="NA",ROW(名稱_所屬洲別),""),row(92:92))-1,0),"")} | C93: {=IFERROR(OFFSET('名稱對照'!E$1,SMALL(IF(名稱_所屬洲別="SA",ROW(名稱_所屬洲別),""),row(92:92))-1,0),"")} | D93: {=IFERROR(OFFSET('名稱對照'!E$1,SMALL(IF(名稱_所屬洲別="AF",ROW(名稱_所屬洲別),""),row(92:92))-1,0),"")} | E93: {=IFERROR(OFFSET('名稱對照'!E$1,SMALL(IF(名稱_所屬洲別="EU",ROW(名稱_所屬洲別),""),row(92:92))-1,0),"")} | F93: {=IFERROR(OFFSET('名稱對照'!E$1,SMALL(IF(名稱_所屬洲別="WA",ROW(名稱_所屬洲別),""),row(92:92))-1,0),"")} | G93: {=IFERROR(OFFSET('名稱對照'!E$1,SMALL(IF(名稱_所屬洲別="AP",ROW(名稱_所屬洲別),""),row(92:92))-1,0),"")}
B94: {=IFERROR(OFFSET('名稱對照'!E$1,SMALL(IF(名稱_所屬洲別="NA",ROW(名稱_所屬洲別),""),row(93:93))-1,0),"")} | C94: {=IFERROR(OFFSET('名稱對照'!E$1,SMALL(IF(名稱_所屬洲別="SA",ROW(名稱_所屬洲別),""),row(93:93))-1,0),"")} | D94: {=IFERROR(OFFSET('名稱對照'!E$1,SMALL(IF(名稱_所屬洲別="AF",ROW(名稱_所屬洲別),""),row(93:93))-1,0),"")} | E94: {=IFERROR(OFFSET('名稱對照'!E$1,SMALL(IF(名稱_所屬洲別="EU",ROW(名稱_所屬洲別),""),row(93:93))-1,0),"")} | F94: {=IFERROR(OFFSET('名稱對照'!E$1,SMALL(IF(名稱_所屬洲別="WA",ROW(名稱_所屬洲別),""),row(93:93))-1,0),"")} | G94: {=IFERROR(OFFSET('名稱對照'!E$1,SMALL(IF(名稱_所屬洲別="AP",ROW(名稱_所屬洲別),""),row(93:93))-1,0),"")}
B95: {=IFERROR(OFFSET('名稱對照'!E$1,SMALL(IF(名稱_所屬洲別="NA",ROW(名稱_所屬洲別),""),row(94:94))-1,0),"")} | C95: {=IFERROR(OFFSET('名稱對照'!E$1,SMALL(IF(名稱_所屬洲別="SA",ROW(名稱_所屬洲別),""),row(94:94))-1,0),"")} | D95: {=IFERROR(OFFSET('名稱對照'!E$1,SMALL(IF(名稱_所屬洲別="AF",ROW(名稱_所屬洲別),""),row(94:94))-1,0),"")} | E95: {=IFERROR(OFFSET('名稱對照'!E$1,SMALL(IF(名稱_所屬洲別="EU",ROW(名稱_所屬洲別),""),row(94:94))-1,0),"")} | F95: {=IFERROR(OFFSET('名稱對照'!E$1,SMALL(IF(名稱_所屬洲別="WA",ROW(名稱_所屬洲別),""),row(94:94))-1,0),"")} | G95: {=IFERROR(OFFSET('名稱對照'!E$1,SMALL(IF(名稱_所屬洲別="AP",ROW(名稱_所屬洲別),""),row(94:94))-1,0),"")}
B96: {=IFERROR(OFFSET('名稱對照'!E$1,SMALL(IF(名稱_所屬洲別="NA",ROW(名稱_所屬洲別),""),row(95:95))-1,0),"")} | C96: {=IFERROR(OFFSET('名稱對照'!E$1,SMALL(IF(名稱_所屬洲別="SA",ROW(名稱_所屬洲別),""),row(95:95))-1,0),"")} | D96: {=IFERROR(OFFSET('名稱對照'!E$1,SMALL(IF(名稱_所屬洲別="AF",ROW(名稱_所屬洲別),""),row(95:95))-1,0),"")} | E96: {=IFERROR(OFFSET('名稱對照'!E$1,SMALL(IF(名稱_所屬洲別="EU",ROW(名稱_所屬洲別),""),row(95:95))-1,0),"")} | F96: {=IFERROR(OFFSET('名稱對照'!E$1,SMALL(IF(名稱_所屬洲別="WA",ROW(名稱_所屬洲別),""),row(95:95))-1,0),"")} | G96: {=IFERROR(OFFSET('名稱對照'!E$1,SMALL(IF(名稱_所屬洲別="AP",ROW(名稱_所屬洲別),""),row(95:95))-1,0),"")}
B97: {=IFERROR(OFFSET('名稱對照'!E$1,SMALL(IF(名稱_所屬洲別="NA",ROW(名稱_所屬洲別),""),row(96:96))-1,0),"")} | C97: {=IFERROR(OFFSET('名稱對照'!E$1,SMALL(IF(名稱_所屬洲別="SA",ROW(名稱_所屬洲別),""),row(96:96))-1,0),"")} | D97: {=IFERROR(OFFSET('名稱對照'!E$1,SMALL(IF(名稱_所屬洲別="AF",ROW(名稱_所屬洲別),""),row(96:96))-1,0),"")} | E97: {=IFERROR(OFFSET('名稱對照'!E$1,SMALL(IF(名稱_所屬洲別="EU",ROW(名稱_所屬洲別),""),row(96:96))-1,0),"")} | F97: {=IFERROR(OFFSET('名稱對照'!E$1,SMALL(IF(名稱_所屬洲別="WA",ROW(名稱_所屬洲別),""),row(96:96))-1,0),"")} | G97: {=IFERROR(OFFSET('名稱對照'!E$1,SMALL(IF(名稱_所屬洲別="AP",ROW(名稱_所屬洲別),""),row(96:96))-1,0),"")}
B98: {=IFERROR(OFFSET('名稱對照'!E$1,SMALL(IF(名稱_所屬洲別="NA",ROW(名稱_所屬洲別),""),row(97:97))-1,0),"")} | C98: {=IFERROR(OFFSET('名稱對照'!E$1,SMALL(IF(名稱_所屬洲別="SA",ROW(名稱_所屬洲別),""),row(97:97))-1,0),"")} | D98: {=IFERROR(OFFSET('名稱對照'!E$1,SMALL(IF(名稱_所屬洲別="AF",ROW(名稱_所屬洲別),""),row(97:97))-1,0),"")} | E98: {=IFERROR(OFFSET('名稱對照'!E$1,SMALL(IF(名稱_所屬洲別="EU",ROW(名稱_所屬洲別),""),row(97:97))-1,0),"")} | F98: {=IFERROR(OFFSET('名稱對照'!E$1,SMALL(IF(名稱_所屬洲別="WA",ROW(名稱_所屬洲別),""),row(97:97))-1,0),"")} | G98: {=IFERROR(OFFSET('名稱對照'!E$1,SMALL(IF(名稱_所屬洲別="AP",ROW(名稱_所屬洲別),""),row(97:97))-1,0),"")}
B99: {=IFERROR(OFFSET('名稱對照'!E$1,SMALL(IF(名稱_所屬洲別="NA",ROW(名稱_所屬洲別),""),row(98:98))-1,0),"")} | C99: {=IFERROR(OFFSET('名稱對照'!E$1,SMALL(IF(名稱_所屬洲別="SA",ROW(名稱_所屬洲別),""),row(98:98))-1,0),"")} | D99: {=IFERROR(OFFSET('名稱對照'!E$1,SMALL(IF(名稱_所屬洲別="AF",ROW(名稱_所屬洲別),""),row(98:98))-1,0),"")} | E99: {=IFERROR(OFFSET('名稱對照'!E$1,SMALL(IF(名稱_所屬洲別="EU",ROW(名稱_所屬洲別),""),row(98:98))-1,0),"")} | F99: {=IFERROR(OFFSET('名稱對照'!E$1,SMALL(IF(名稱_所屬洲別="WA",ROW(名稱_所屬洲別),""),row(98:98))-1,0),"")} | G99: {=IFERROR(OFFSET('名稱對照'!E$1,SMALL(IF(名稱_所屬洲別="AP",ROW(名稱_所屬洲別),""),row(98:98))-1,0),"")}
B100: {=IFERROR(OFFSET('名稱對照'!E$1,SMALL(IF(名稱_所屬洲別="NA",ROW(名稱_所屬洲別),""),row(99:99))-1,0),"")} | C100: {=IFERROR(OFFSET('名稱對照'!E$1,SMALL(IF(名稱_所屬洲別="SA",ROW(名稱_所屬洲別),""),row(99:99))-1,0),"")} | D100: {=IFERROR(OFFSET('名稱對照'!E$1,SMALL(IF(名稱_所屬洲別="AF",ROW(名稱_所屬洲別),""),row(99:99))-1,0),"")} | E100: {=IFERROR(OFFSET('名稱對照'!E$1,SMALL(IF(名稱_所屬洲別="EU",ROW(名稱_所屬洲別),""),row(99:99))-1,0),"")} | F100: {=IFERROR(OFFSET('名稱對照'!E$1,SMALL(IF(名稱_所屬洲別="WA",ROW(名稱_所屬洲別),""),row(99:99))-1,0),"")} | G100: {=IFERROR(OFFSET('名稱對照'!E$1,SMALL(IF(名稱_所屬洲別="AP",ROW(名稱_所屬洲別),""),row(99:99))-1,0),"")}
...

Sheet 名稱對照
A1: 簡稱 | B1: 所屬洲別 | C1: 中文 | D1: 英文 | E1: 國別
A2: AFG | B2: WA | C2: 阿富汗 | D2: Afghanistan | E2: {=C2:C1002&CHAR(10)&D2:D1002} -> 阿富汗 Afghanistan
A3: AGO | B3: AF | C3: 安哥拉 | D3: Angola | E3: 安哥拉 Angola
A4: ALB | B4: EU | C4: 阿爾巴尼亞 | D4: Albania | E4: 阿爾巴尼亞 Albania
A5: ARE | B5: WA | C5: 阿拉伯聯合大公國 | D5: United Arab Emirates | E5: 阿拉伯聯合大公國 United Arab Emirates
A6: ARG | B6: SA | C6: 阿根廷 | D6: Argentina | E6: 阿根廷 Argentina
A7: ARM | B7: WA | C7: 亞美尼亞 | D7: Armenia | E7: 亞美尼亞 Armenia
A8: AUS | B8: AP | C8: 澳洲 | D8: Australia | E8: 澳洲 Australia
A9: CAN | B9: NA | C9: 加拿大 | D9: Canada | E9: 加拿大 Canada
A10: USA | B10: NA | C10: 美國 | D10: USA | E10: 美國 USA
A11: GRL | B11: NA | C11: 格陵蘭 | D11: Greenland | E11: 格陵蘭 Greenland
A12: AUT | B12: EU | C12: 奧地利 | D12: Austria | E12: 奧地利 Austria
A13: AZE | B13: WA | C13: 亞塞拜然共和國 | D13: Azerbaijan | E13: 亞塞拜然共和國 Azerbaijan
A14: BDI | B14: AF | C14: 蒲隆地 | D14: Burundi | E14: 蒲隆地 Burundi
... A178: PYF | B178: AP | C178: 玻里尼西亞 (大溪地) | D178: Polynesia (Tahitia) | E178: 玻里尼西亞 (大溪地) Polynesia (Tahitia)
